revision;file;nodeIdentifier1;nodeIdentifier2
/home/paper219/Desktop/analysis/demonstration//projects/Fastjson/revisions/rev_f65ddcf_0b063a2/rev_f65ddcf-0b063a2.revisions;/src/test/java/com/alibaba/json/bvtVO/OfferRankResultVO.java;private List<SearchCenterOfferModel> models ;private List<SearchCenterOfferModel> models 
/home/paper219/Desktop/analysis/demonstration//projects/Fastjson/revisions/rev_f65ddcf_0b063a2/rev_f65ddcf-0b063a2.revisions;/src/test/java/com/alibaba/json/bvtVO/OfferRankResultVO.java;public OfferRankResultVO() ;public OfferRankResultVO() 
/home/paper219/Desktop/analysis/demonstration//projects/Fastjson/revisions/rev_f65ddcf_0b063a2/rev_f65ddcf-0b063a2.revisions;/src/test/java/com/alibaba/json/bvtVO/OfferRankResultVO.java;public List<SearchCenterOfferModel> getModel() ;public List<SearchCenterOfferModel> getModel() 
/home/paper219/Desktop/analysis/demonstration//projects/Fastjson/revisions/rev_f65ddcf_0b063a2/rev_f65ddcf-0b063a2.revisions;/src/test/java/com/alibaba/json/bvtVO/OfferRankResultVO.java;public void setModel(List<SearchCenterOfferModel> models) ;public void setModel(List<SearchCenterOfferModel> models) 
/home/paper219/Desktop/analysis/demonstration//projects/Fastjson/revisions/rev_f65ddcf_0b063a2/rev_f65ddcf-0b063a2.revisions;/src/test/java/com/alibaba/json/bvtVO/OfferRankResultVO.java;private int id;private int id
/home/paper219/Desktop/analysis/demonstration//projects/Fastjson/revisions/rev_f65ddcf_0b063a2/rev_f65ddcf-0b063a2.revisions;/src/test/java/com/alibaba/json/bvtVO/OfferRankResultVO.java;private String name;private String name
/home/paper219/Desktop/analysis/demonstration//projects/Fastjson/revisions/rev_f65ddcf_0b063a2/rev_f65ddcf-0b063a2.revisions;/src/test/java/com/alibaba/json/bvtVO/OfferRankResultVO.java;public int getId() ;public int getId() 
/home/paper219/Desktop/analysis/demonstration//projects/Fastjson/revisions/rev_f65ddcf_0b063a2/rev_f65ddcf-0b063a2.revisions;/src/test/java/com/alibaba/json/bvtVO/OfferRankResultVO.java;public void setId(int id) ;public void setId(int id) 
/home/paper219/Desktop/analysis/demonstration//projects/Fastjson/revisions/rev_f65ddcf_0b063a2/rev_f65ddcf-0b063a2.revisions;/src/test/java/com/alibaba/json/bvtVO/OfferRankResultVO.java;public String getName() ;public String getName() 
/home/paper219/Desktop/analysis/demonstration//projects/Fastjson/revisions/rev_f65ddcf_0b063a2/rev_f65ddcf-0b063a2.revisions;/src/test/java/com/alibaba/json/bvtVO/OfferRankResultVO.java;public void setName(String name) ;public void setName(String name) 
/home/paper219/Desktop/analysis/demonstration//projects/Fastjson/revisions/rev_f65ddcf_0b063a2/rev_f65ddcf-0b063a2.revisions;/src/main/java/com/alibaba/fastjson/asm/ASMException.java;private static final long serialVersionUID ;private static final long serialVersionUID 
/home/paper219/Desktop/analysis/demonstration//projects/Fastjson/revisions/rev_f65ddcf_0b063a2/rev_f65ddcf-0b063a2.revisions;/src/main/java/com/alibaba/fastjson/asm/ASMException.java;public ASMException(String message);public ASMException(String message)
/home/paper219/Desktop/analysis/demonstration//projects/Fastjson/revisions/rev_f65ddcf_0b063a2/rev_f65ddcf-0b063a2.revisions;/src/test/java/com/alibaba/json/bvt/bug/Bug_for_vikingschow.java;public void test_for_vikingschow() throws Exception ;public void test_for_vikingschow() throws Exception 
/home/paper219/Desktop/analysis/demonstration//projects/Fastjson/revisions/rev_77a6605_f48bb05/rev_77a6605-f48bb05.revisions;/src/test/java/com/alibaba/json/bvt/parser/deser/TimeDeserializerTest.java;public void test_time() throws Exception ;public void test_time() throws Exception 
/home/paper219/Desktop/analysis/demonstration//projects/Fastjson/revisions/rev_77a6605_f48bb05/rev_77a6605-f48bb05.revisions;/src/test/java/com/alibaba/json/bvt/parser/deser/TimeDeserializerTest.java;  public static class VO ;  public static class VO 
/home/paper219/Desktop/analysis/demonstration//projects/Fastjson/revisions/rev_77a6605_f48bb05/rev_77a6605-f48bb05.revisions;/src/test/java/com/alibaba/json/bvt/parser/deser/TimeDeserializerTest.java;private Time value;private Time value
/home/paper219/Desktop/analysis/demonstration//projects/Fastjson/revisions/rev_77a6605_f48bb05/rev_77a6605-f48bb05.revisions;/src/test/java/com/alibaba/json/bvt/parser/deser/TimeDeserializerTest.java;public Time getValue() ;public Time getValue() 
/home/paper219/Desktop/analysis/demonstration//projects/Fastjson/revisions/rev_77a6605_f48bb05/rev_77a6605-f48bb05.revisions;/src/test/java/com/alibaba/json/bvt/parser/deser/TimeDeserializerTest.java;public void setValue(Time value) ;public void setValue(Time value) 
/home/paper219/Desktop/analysis/demonstration//projects/Fastjson/revisions/rev_77a6605_f48bb05/rev_77a6605-f48bb05.revisions;/src/test/java/com/alibaba/json/bvt/parser/deser/SqlDateDeserializerTest2.java;public void test_sqlDate() throws Exception ;public void test_sqlDate() throws Exception 
/home/paper219/Desktop/analysis/demonstration//projects/Fastjson/revisions/rev_77a6605_f48bb05/rev_77a6605-f48bb05.revisions;/src/test/java/com/alibaba/json/bvt/parser/deser/SqlDateDeserializerTest2.java;  public static class VO ;  public static class VO 
/home/paper219/Desktop/analysis/demonstration//projects/Fastjson/revisions/rev_77a6605_f48bb05/rev_77a6605-f48bb05.revisions;/src/test/java/com/alibaba/json/bvt/parser/deser/SqlDateDeserializerTest2.java;private Date value;private Date value
/home/paper219/Desktop/analysis/demonstration//projects/Fastjson/revisions/rev_77a6605_f48bb05/rev_77a6605-f48bb05.revisions;/src/test/java/com/alibaba/json/bvt/parser/deser/SqlDateDeserializerTest2.java;public Date getValue() ;public Date getValue() 
/home/paper219/Desktop/analysis/demonstration//projects/Fastjson/revisions/rev_77a6605_f48bb05/rev_77a6605-f48bb05.revisions;/src/test/java/com/alibaba/json/bvt/parser/deser/SqlDateDeserializerTest2.java;public void setValue(Date value) ;public void setValue(Date value) 
/home/paper219/Desktop/analysis/demonstration//projects/Fastjson/revisions/rev_22e12be_162ae20/rev_22e12be-162ae20.revisions;/src/main/java/com/alibaba/fastjson/serializer/SerializeWriter.java;public void writeKeyWithDoubleQuote(String text, boolean checkSpecial) ;public void writeKeyWithDoubleQuote(String text, boolean checkSpecial) 
/home/paper219/Desktop/analysis/demonstration//projects/Fastjson/revisions/rev_22e12be_162ae20/rev_22e12be-162ae20.revisions;/src/main/java/com/alibaba/fastjson/serializer/SerializeWriter.java;public void writeFieldName(String key, boolean checkSpecial) ;public void writeFieldName(String key, boolean checkSpecial) 
/home/paper219/Desktop/analysis/demonstration//projects/Fastjson/revisions/rev_162ae20_22e12be/rev_162ae20-22e12be.revisions;/src/main/java/com/alibaba/fastjson/serializer/SerializeWriter.java;public void writeKeyWithDoubleQuote(String text, boolean checkSpecial) ;public void writeKeyWithDoubleQuote(String text, boolean checkSpecial) 
/home/paper219/Desktop/analysis/demonstration//projects/Fastjson/revisions/rev_162ae20_22e12be/rev_162ae20-22e12be.revisions;/src/main/java/com/alibaba/fastjson/serializer/SerializeWriter.java;public void writeFieldName(String key, boolean checkSpecial) ;public void writeFieldName(String key, boolean checkSpecial) 
/home/paper219/Desktop/analysis/demonstration//projects/Fastjson/revisions/rev_cc0428f_dee22f7/rev_cc0428f-dee22f7.revisions;/src/test/java/com/alibaba/json/bvt/TestExternal3.java;public void test_0 () throws Exception ;public void test_0 () throws Exception 
/home/paper219/Desktop/analysis/demonstration//projects/Fastjson/revisions/rev_cc0428f_dee22f7/rev_cc0428f-dee22f7.revisions;/src/test/java/com/alibaba/json/bvt/TestExternal3.java;    public static class ExtClassLoader extends ClassLoader ;    public static class ExtClassLoader extends ClassLoader 
/home/paper219/Desktop/analysis/demonstration//projects/Fastjson/revisions/rev_cc0428f_dee22f7/rev_cc0428f-dee22f7.revisions;/src/test/java/com/alibaba/json/bvt/TestExternal3.java;public ExtClassLoader() throws IOException;public ExtClassLoader() throws IOException
/home/paper219/Desktop/analysis/demonstration//projects/Fastjson/revisions/rev_3c528ef_eb32b05/rev_3c528ef-eb32b05.revisions;/src/test/java/com/alibaba/json/bvt/bug/Bug_for_NonStringKeyMap.java;public void test_1() throws Exception ;public void test_1() throws Exception 
/home/paper219/Desktop/analysis/demonstration//projects/Fastjson/revisions/rev_3c528ef_eb32b05/rev_3c528ef-eb32b05.revisions;/src/test/java/com/alibaba/json/bvt/bug/Bug_for_NonStringKeyMap.java;public void test_1() throws Exception ;public void test_1() throws Exception 
/home/paper219/Desktop/analysis/demonstration//projects/Fastjson/revisions/rev_c9ee9c5_b9da86b/rev_c9ee9c5-b9da86b.revisions;/src/test/java/com/alibaba/json/bvt/TestExternal4.java;public void test_0() throws Exception ;public void test_0() throws Exception 
/home/paper219/Desktop/analysis/demonstration//projects/Fastjson/revisions/rev_c9ee9c5_b9da86b/rev_c9ee9c5-b9da86b.revisions;/src/test/java/com/alibaba/json/bvt/TestExternal4.java;  public static class ExtClassLoader extends ClassLoader ;  public static class ExtClassLoader extends ClassLoader 
/home/paper219/Desktop/analysis/demonstration//projects/Fastjson/revisions/rev_c9ee9c5_b9da86b/rev_c9ee9c5-b9da86b.revisions;/src/test/java/com/alibaba/json/bvt/TestExternal4.java;public ExtClassLoader() throws IOException;public ExtClassLoader() throws IOException
/home/paper219/Desktop/analysis/demonstration//projects/Fastjson/revisions/rev_c9ee9c5_b9da86b/rev_c9ee9c5-b9da86b.revisions;/src/test/java/com/alibaba/json/bvtVO/ProductView.java;private Integer id;private Integer id
/home/paper219/Desktop/analysis/demonstration//projects/Fastjson/revisions/rev_c9ee9c5_b9da86b/rev_c9ee9c5-b9da86b.revisions;/src/test/java/com/alibaba/json/bvtVO/ProductView.java;private String  keyword;private String  keyword
/home/paper219/Desktop/analysis/demonstration//projects/Fastjson/revisions/rev_c9ee9c5_b9da86b/rev_c9ee9c5-b9da86b.revisions;/src/test/java/com/alibaba/json/bvtVO/ProductView.java;private boolean hasProduct;private boolean hasProduct
/home/paper219/Desktop/analysis/demonstration//projects/Fastjson/revisions/rev_c9ee9c5_b9da86b/rev_c9ee9c5-b9da86b.revisions;/src/test/java/com/alibaba/json/bvtVO/ProductView.java;private boolean hasCompany;private boolean hasCompany
/home/paper219/Desktop/analysis/demonstration//projects/Fastjson/revisions/rev_c9ee9c5_b9da86b/rev_c9ee9c5-b9da86b.revisions;/src/test/java/com/alibaba/json/bvtVO/ProductView.java;private boolean hasBuyLead;private boolean hasBuyLead
/home/paper219/Desktop/analysis/demonstration//projects/Fastjson/revisions/rev_c9ee9c5_b9da86b/rev_c9ee9c5-b9da86b.revisions;/src/test/java/com/alibaba/json/bvtVO/ProductView.java;private String  country;private String  country
/home/paper219/Desktop/analysis/demonstration//projects/Fastjson/revisions/rev_c9ee9c5_b9da86b/rev_c9ee9c5-b9da86b.revisions;/src/test/java/com/alibaba/json/bvtVO/ProductView.java;public Integer getId() ;public Integer getId() 
/home/paper219/Desktop/analysis/demonstration//projects/Fastjson/revisions/rev_c9ee9c5_b9da86b/rev_c9ee9c5-b9da86b.revisions;/src/test/java/com/alibaba/json/bvtVO/ProductView.java;public void setId(Integer id) ;public void setId(Integer id) 
/home/paper219/Desktop/analysis/demonstration//projects/Fastjson/revisions/rev_c9ee9c5_b9da86b/rev_c9ee9c5-b9da86b.revisions;/src/test/java/com/alibaba/json/bvtVO/ProductView.java;public String getKeyword() ;public String getKeyword() 
/home/paper219/Desktop/analysis/demonstration//projects/Fastjson/revisions/rev_c9ee9c5_b9da86b/rev_c9ee9c5-b9da86b.revisions;/src/test/java/com/alibaba/json/bvtVO/ProductView.java;public void setKeyword(String keyword) ;public void setKeyword(String keyword) 
/home/paper219/Desktop/analysis/demonstration//projects/Fastjson/revisions/rev_c9ee9c5_b9da86b/rev_c9ee9c5-b9da86b.revisions;/src/test/java/com/alibaba/json/bvtVO/ProductView.java;public boolean isHasProduct() ;public boolean isHasProduct() 
/home/paper219/Desktop/analysis/demonstration//projects/Fastjson/revisions/rev_c9ee9c5_b9da86b/rev_c9ee9c5-b9da86b.revisions;/src/test/java/com/alibaba/json/bvtVO/ProductView.java;public void setHasProduct(boolean hasProduct) ;public void setHasProduct(boolean hasProduct) 
/home/paper219/Desktop/analysis/demonstration//projects/Fastjson/revisions/rev_c9ee9c5_b9da86b/rev_c9ee9c5-b9da86b.revisions;/src/test/java/com/alibaba/json/bvtVO/ProductView.java;public boolean isHasCompany() ;public boolean isHasCompany() 
/home/paper219/Desktop/analysis/demonstration//projects/Fastjson/revisions/rev_c9ee9c5_b9da86b/rev_c9ee9c5-b9da86b.revisions;/src/test/java/com/alibaba/json/bvtVO/ProductView.java;public void setHasCompany(boolean hasCompany) ;public void setHasCompany(boolean hasCompany) 
/home/paper219/Desktop/analysis/demonstration//projects/Fastjson/revisions/rev_c9ee9c5_b9da86b/rev_c9ee9c5-b9da86b.revisions;/src/test/java/com/alibaba/json/bvtVO/ProductView.java;public boolean isHasBuyLead() ;public boolean isHasBuyLead() 
/home/paper219/Desktop/analysis/demonstration//projects/Fastjson/revisions/rev_c9ee9c5_b9da86b/rev_c9ee9c5-b9da86b.revisions;/src/test/java/com/alibaba/json/bvtVO/ProductView.java;public void setHasBuyLead(boolean hasBuyLead) ;public void setHasBuyLead(boolean hasBuyLead) 
/home/paper219/Desktop/analysis/demonstration//projects/Fastjson/revisions/rev_c9ee9c5_b9da86b/rev_c9ee9c5-b9da86b.revisions;/src/test/java/com/alibaba/json/bvtVO/ProductView.java;public String getCountry() ;public String getCountry() 
/home/paper219/Desktop/analysis/demonstration//projects/Fastjson/revisions/rev_c9ee9c5_b9da86b/rev_c9ee9c5-b9da86b.revisions;/src/test/java/com/alibaba/json/bvtVO/ProductView.java;public void setCountry(String country) ;public void setCountry(String country) 
/home/paper219/Desktop/analysis/demonstration//projects/Fastjson/revisions/rev_c9ee9c5_b9da86b/rev_c9ee9c5-b9da86b.revisions;/src/test/java/com/alibaba/json/bvt/TestSerializable.java;public void test_codec() throws Exception ;public void test_codec() throws Exception 
/home/paper219/Desktop/analysis/demonstration//projects/Fastjson/revisions/rev_c9ee9c5_b9da86b/rev_c9ee9c5-b9da86b.revisions;/src/test/java/com/alibaba/json/bvt/TestSerializable.java;  public static class VO ;  public static class VO 
/home/paper219/Desktop/analysis/demonstration//projects/Fastjson/revisions/rev_c9ee9c5_b9da86b/rev_c9ee9c5-b9da86b.revisions;/src/test/java/com/alibaba/json/bvt/TestSerializable.java;private long         id;private long         id
/home/paper219/Desktop/analysis/demonstration//projects/Fastjson/revisions/rev_c9ee9c5_b9da86b/rev_c9ee9c5-b9da86b.revisions;/src/test/java/com/alibaba/json/bvt/TestSerializable.java;private Serializable value;private Serializable value
/home/paper219/Desktop/analysis/demonstration//projects/Fastjson/revisions/rev_c9ee9c5_b9da86b/rev_c9ee9c5-b9da86b.revisions;/src/test/java/com/alibaba/json/bvt/TestSerializable.java;public long getId() ;public long getId() 
/home/paper219/Desktop/analysis/demonstration//projects/Fastjson/revisions/rev_c9ee9c5_b9da86b/rev_c9ee9c5-b9da86b.revisions;/src/test/java/com/alibaba/json/bvt/TestSerializable.java;public void setId(long id) ;public void setId(long id) 
/home/paper219/Desktop/analysis/demonstration//projects/Fastjson/revisions/rev_c9ee9c5_b9da86b/rev_c9ee9c5-b9da86b.revisions;/src/test/java/com/alibaba/json/bvt/TestSerializable.java;public Serializable getValue() ;public Serializable getValue() 
/home/paper219/Desktop/analysis/demonstration//projects/Fastjson/revisions/rev_c9ee9c5_b9da86b/rev_c9ee9c5-b9da86b.revisions;/src/test/java/com/alibaba/json/bvt/TestSerializable.java;public void setValue(Serializable value) ;public void setValue(Serializable value) 
/home/paper219/Desktop/analysis/demonstration//projects/Fastjson/revisions/rev_c9ee9c5_b9da86b/rev_c9ee9c5-b9da86b.revisions;/src/test/java/com/alibaba/json/bvt/parser/ProductViewTest.java;public void test_parse() throws Exception ;public void test_parse() throws Exception 
/home/paper219/Desktop/analysis/demonstration//projects/Fastjson/revisions/rev_b9da86b_c9ee9c5/rev_b9da86b-c9ee9c5.revisions;/src/test/java/com/alibaba/json/bvt/TestExternal4.java;public void test_0() throws Exception ;public void test_0() throws Exception 
/home/paper219/Desktop/analysis/demonstration//projects/Fastjson/revisions/rev_b9da86b_c9ee9c5/rev_b9da86b-c9ee9c5.revisions;/src/test/java/com/alibaba/json/bvt/TestExternal4.java;  public static class ExtClassLoader extends ClassLoader ;  public static class ExtClassLoader extends ClassLoader 
/home/paper219/Desktop/analysis/demonstration//projects/Fastjson/revisions/rev_b9da86b_c9ee9c5/rev_b9da86b-c9ee9c5.revisions;/src/test/java/com/alibaba/json/bvt/TestExternal4.java;public ExtClassLoader() throws IOException;public ExtClassLoader() throws IOException
/home/paper219/Desktop/analysis/demonstration//projects/Fastjson/revisions/rev_b9da86b_c9ee9c5/rev_b9da86b-c9ee9c5.revisions;/src/test/java/com/alibaba/json/bvtVO/ProductView.java;private Integer id;private Integer id
/home/paper219/Desktop/analysis/demonstration//projects/Fastjson/revisions/rev_b9da86b_c9ee9c5/rev_b9da86b-c9ee9c5.revisions;/src/test/java/com/alibaba/json/bvtVO/ProductView.java;private String  keyword;private String  keyword
/home/paper219/Desktop/analysis/demonstration//projects/Fastjson/revisions/rev_b9da86b_c9ee9c5/rev_b9da86b-c9ee9c5.revisions;/src/test/java/com/alibaba/json/bvtVO/ProductView.java;private boolean hasProduct;private boolean hasProduct
/home/paper219/Desktop/analysis/demonstration//projects/Fastjson/revisions/rev_b9da86b_c9ee9c5/rev_b9da86b-c9ee9c5.revisions;/src/test/java/com/alibaba/json/bvtVO/ProductView.java;private boolean hasCompany;private boolean hasCompany
/home/paper219/Desktop/analysis/demonstration//projects/Fastjson/revisions/rev_b9da86b_c9ee9c5/rev_b9da86b-c9ee9c5.revisions;/src/test/java/com/alibaba/json/bvtVO/ProductView.java;private boolean hasBuyLead;private boolean hasBuyLead
/home/paper219/Desktop/analysis/demonstration//projects/Fastjson/revisions/rev_b9da86b_c9ee9c5/rev_b9da86b-c9ee9c5.revisions;/src/test/java/com/alibaba/json/bvtVO/ProductView.java;private String  country;private String  country
/home/paper219/Desktop/analysis/demonstration//projects/Fastjson/revisions/rev_b9da86b_c9ee9c5/rev_b9da86b-c9ee9c5.revisions;/src/test/java/com/alibaba/json/bvtVO/ProductView.java;public Integer getId() ;public Integer getId() 
/home/paper219/Desktop/analysis/demonstration//projects/Fastjson/revisions/rev_b9da86b_c9ee9c5/rev_b9da86b-c9ee9c5.revisions;/src/test/java/com/alibaba/json/bvtVO/ProductView.java;public void setId(Integer id) ;public void setId(Integer id) 
/home/paper219/Desktop/analysis/demonstration//projects/Fastjson/revisions/rev_b9da86b_c9ee9c5/rev_b9da86b-c9ee9c5.revisions;/src/test/java/com/alibaba/json/bvtVO/ProductView.java;public String getKeyword() ;public String getKeyword() 
/home/paper219/Desktop/analysis/demonstration//projects/Fastjson/revisions/rev_b9da86b_c9ee9c5/rev_b9da86b-c9ee9c5.revisions;/src/test/java/com/alibaba/json/bvtVO/ProductView.java;public void setKeyword(String keyword) ;public void setKeyword(String keyword) 
/home/paper219/Desktop/analysis/demonstration//projects/Fastjson/revisions/rev_b9da86b_c9ee9c5/rev_b9da86b-c9ee9c5.revisions;/src/test/java/com/alibaba/json/bvtVO/ProductView.java;public boolean isHasProduct() ;public boolean isHasProduct() 
/home/paper219/Desktop/analysis/demonstration//projects/Fastjson/revisions/rev_b9da86b_c9ee9c5/rev_b9da86b-c9ee9c5.revisions;/src/test/java/com/alibaba/json/bvtVO/ProductView.java;public void setHasProduct(boolean hasProduct) ;public void setHasProduct(boolean hasProduct) 
/home/paper219/Desktop/analysis/demonstration//projects/Fastjson/revisions/rev_b9da86b_c9ee9c5/rev_b9da86b-c9ee9c5.revisions;/src/test/java/com/alibaba/json/bvtVO/ProductView.java;public boolean isHasCompany() ;public boolean isHasCompany() 
/home/paper219/Desktop/analysis/demonstration//projects/Fastjson/revisions/rev_b9da86b_c9ee9c5/rev_b9da86b-c9ee9c5.revisions;/src/test/java/com/alibaba/json/bvtVO/ProductView.java;public void setHasCompany(boolean hasCompany) ;public void setHasCompany(boolean hasCompany) 
/home/paper219/Desktop/analysis/demonstration//projects/Fastjson/revisions/rev_b9da86b_c9ee9c5/rev_b9da86b-c9ee9c5.revisions;/src/test/java/com/alibaba/json/bvtVO/ProductView.java;public boolean isHasBuyLead() ;public boolean isHasBuyLead() 
/home/paper219/Desktop/analysis/demonstration//projects/Fastjson/revisions/rev_b9da86b_c9ee9c5/rev_b9da86b-c9ee9c5.revisions;/src/test/java/com/alibaba/json/bvtVO/ProductView.java;public void setHasBuyLead(boolean hasBuyLead) ;public void setHasBuyLead(boolean hasBuyLead) 
/home/paper219/Desktop/analysis/demonstration//projects/Fastjson/revisions/rev_b9da86b_c9ee9c5/rev_b9da86b-c9ee9c5.revisions;/src/test/java/com/alibaba/json/bvtVO/ProductView.java;public String getCountry() ;public String getCountry() 
/home/paper219/Desktop/analysis/demonstration//projects/Fastjson/revisions/rev_b9da86b_c9ee9c5/rev_b9da86b-c9ee9c5.revisions;/src/test/java/com/alibaba/json/bvtVO/ProductView.java;public void setCountry(String country) ;public void setCountry(String country) 
/home/paper219/Desktop/analysis/demonstration//projects/Fastjson/revisions/rev_b9da86b_c9ee9c5/rev_b9da86b-c9ee9c5.revisions;/src/test/java/com/alibaba/json/bvt/TestSerializable.java;public void test_codec() throws Exception ;public void test_codec() throws Exception 
/home/paper219/Desktop/analysis/demonstration//projects/Fastjson/revisions/rev_b9da86b_c9ee9c5/rev_b9da86b-c9ee9c5.revisions;/src/test/java/com/alibaba/json/bvt/TestSerializable.java;  public static class VO ;  public static class VO 
/home/paper219/Desktop/analysis/demonstration//projects/Fastjson/revisions/rev_b9da86b_c9ee9c5/rev_b9da86b-c9ee9c5.revisions;/src/test/java/com/alibaba/json/bvt/TestSerializable.java;private long         id;private long         id
/home/paper219/Desktop/analysis/demonstration//projects/Fastjson/revisions/rev_b9da86b_c9ee9c5/rev_b9da86b-c9ee9c5.revisions;/src/test/java/com/alibaba/json/bvt/TestSerializable.java;private Serializable value;private Serializable value
/home/paper219/Desktop/analysis/demonstration//projects/Fastjson/revisions/rev_b9da86b_c9ee9c5/rev_b9da86b-c9ee9c5.revisions;/src/test/java/com/alibaba/json/bvt/TestSerializable.java;public long getId() ;public long getId() 
/home/paper219/Desktop/analysis/demonstration//projects/Fastjson/revisions/rev_b9da86b_c9ee9c5/rev_b9da86b-c9ee9c5.revisions;/src/test/java/com/alibaba/json/bvt/TestSerializable.java;public void setId(long id) ;public void setId(long id) 
/home/paper219/Desktop/analysis/demonstration//projects/Fastjson/revisions/rev_b9da86b_c9ee9c5/rev_b9da86b-c9ee9c5.revisions;/src/test/java/com/alibaba/json/bvt/TestSerializable.java;public Serializable getValue() ;public Serializable getValue() 
/home/paper219/Desktop/analysis/demonstration//projects/Fastjson/revisions/rev_b9da86b_c9ee9c5/rev_b9da86b-c9ee9c5.revisions;/src/test/java/com/alibaba/json/bvt/TestSerializable.java;public void setValue(Serializable value) ;public void setValue(Serializable value) 
/home/paper219/Desktop/analysis/demonstration//projects/Fastjson/revisions/rev_b9da86b_c9ee9c5/rev_b9da86b-c9ee9c5.revisions;/src/test/java/com/alibaba/json/bvt/parser/ProductViewTest.java;public void test_parse() throws Exception ;public void test_parse() throws Exception 
/home/paper219/Desktop/analysis/demonstration//projects/Fastjson/revisions/rev_24d779e_3a5c953/rev_24d779e-3a5c953.revisions;/src/test/java/com/alibaba/json/bvt/bug/Bug_for_lenolix_1.java;public void test_0() throws Exception ;public void test_0() throws Exception 
/home/paper219/Desktop/analysis/demonstration//projects/Fastjson/revisions/rev_24d779e_3a5c953/rev_24d779e-3a5c953.revisions;/src/test/java/com/alibaba/json/bvt/bug/Bug_for_lenolix_1.java;  public static class User ;  public static class User 
/home/paper219/Desktop/analysis/demonstration//projects/Fastjson/revisions/rev_05b31f7_708e701/rev_05b31f7-708e701.revisions;/src/test/java/com/alibaba/json/bvt/ArrayRefTest.java;public void test_0() throws Exception ;public void test_0() throws Exception 
/home/paper219/Desktop/analysis/demonstration//projects/Fastjson/revisions/rev_05b31f7_708e701/rev_05b31f7-708e701.revisions;/src/test/java/com/alibaba/json/bvt/ArrayRefTest.java;  public static class Group ;  public static class Group 
/home/paper219/Desktop/analysis/demonstration//projects/Fastjson/revisions/rev_05b31f7_708e701/rev_05b31f7-708e701.revisions;/src/test/java/com/alibaba/json/bvt/ArrayRefTest.java;private int id;private int id
/home/paper219/Desktop/analysis/demonstration//projects/Fastjson/revisions/rev_05b31f7_708e701/rev_05b31f7-708e701.revisions;/src/test/java/com/alibaba/json/bvt/ArrayRefTest.java;public Group();public Group()
/home/paper219/Desktop/analysis/demonstration//projects/Fastjson/revisions/rev_05b31f7_708e701/rev_05b31f7-708e701.revisions;/src/test/java/com/alibaba/json/bvt/ArrayRefTest.java;public Group(int id);public Group(int id)
/home/paper219/Desktop/analysis/demonstration//projects/Fastjson/revisions/rev_05b31f7_708e701/rev_05b31f7-708e701.revisions;/src/test/java/com/alibaba/json/bvt/ArrayRefTest.java;public int getId() ;public int getId() 
/home/paper219/Desktop/analysis/demonstration//projects/Fastjson/revisions/rev_05b31f7_708e701/rev_05b31f7-708e701.revisions;/src/test/java/com/alibaba/json/bvt/ArrayRefTest.java;public void setId(int id) ;public void setId(int id) 
/home/paper219/Desktop/analysis/demonstration//projects/Fastjson/revisions/rev_05b31f7_708e701/rev_05b31f7-708e701.revisions;/src/test/java/com/alibaba/json/bvt/ArrayRefTest.java;public String toString() ;public String toString() 
/home/paper219/Desktop/analysis/demonstration//projects/Fastjson/revisions/rev_05b31f7_708e701/rev_05b31f7-708e701.revisions;/src/test/java/com/alibaba/json/bvt/bug/Bug_for_42283905.java;public void test_0() throws Exception ;public void test_0() throws Exception 
/home/paper219/Desktop/analysis/demonstration//projects/Fastjson/revisions/rev_05b31f7_708e701/rev_05b31f7-708e701.revisions;/src/test/java/com/alibaba/json/bvt/bug/Bug_for_42283905.java;  public static class Group ;  public static class Group 
/home/paper219/Desktop/analysis/demonstration//projects/Fastjson/revisions/rev_05b31f7_708e701/rev_05b31f7-708e701.revisions;/src/test/java/com/alibaba/json/bvt/bug/Bug_for_42283905.java;private String        name;private String        name
/home/paper219/Desktop/analysis/demonstration//projects/Fastjson/revisions/rev_05b31f7_708e701/rev_05b31f7-708e701.revisions;/src/test/java/com/alibaba/json/bvt/bug/Bug_for_42283905.java;private List<Command> battleCommandList ;private List<Command> battleCommandList 
/home/paper219/Desktop/analysis/demonstration//projects/Fastjson/revisions/rev_05b31f7_708e701/rev_05b31f7-708e701.revisions;/src/test/java/com/alibaba/json/bvt/bug/Bug_for_42283905.java;public Group();public Group()
/home/paper219/Desktop/analysis/demonstration//projects/Fastjson/revisions/rev_05b31f7_708e701/rev_05b31f7-708e701.revisions;/src/test/java/com/alibaba/json/bvt/bug/Bug_for_42283905.java;public Group(String name);public Group(String name)
/home/paper219/Desktop/analysis/demonstration//projects/Fastjson/revisions/rev_05b31f7_708e701/rev_05b31f7-708e701.revisions;/src/test/java/com/alibaba/json/bvt/bug/Bug_for_42283905.java;public List<Command> getBattleCommandList() ;public List<Command> getBattleCommandList() 
/home/paper219/Desktop/analysis/demonstration//projects/Fastjson/revisions/rev_05b31f7_708e701/rev_05b31f7-708e701.revisions;/src/test/java/com/alibaba/json/bvt/bug/Bug_for_42283905.java;public void setBattleCommandList(List<Command> battleCommandList) ;public void setBattleCommandList(List<Command> battleCommandList) 
/home/paper219/Desktop/analysis/demonstration//projects/Fastjson/revisions/rev_05b31f7_708e701/rev_05b31f7-708e701.revisions;/src/test/java/com/alibaba/json/bvt/bug/Bug_for_42283905.java;public String getName() ;public String getName() 
/home/paper219/Desktop/analysis/demonstration//projects/Fastjson/revisions/rev_05b31f7_708e701/rev_05b31f7-708e701.revisions;/src/test/java/com/alibaba/json/bvt/bug/Bug_for_42283905.java;public void setName(String name) ;public void setName(String name) 
/home/paper219/Desktop/analysis/demonstration//projects/Fastjson/revisions/rev_05b31f7_708e701/rev_05b31f7-708e701.revisions;/src/test/java/com/alibaba/json/bvt/bug/Bug_for_42283905.java;  public static class Command ;  public static class Command 
/home/paper219/Desktop/analysis/demonstration//projects/Fastjson/revisions/rev_05b31f7_708e701/rev_05b31f7-708e701.revisions;/src/test/java/com/alibaba/json/bvt/bug/Bug_for_42283905.java;private int id;private int id
/home/paper219/Desktop/analysis/demonstration//projects/Fastjson/revisions/rev_05b31f7_708e701/rev_05b31f7-708e701.revisions;/src/test/java/com/alibaba/json/bvt/bug/Bug_for_42283905.java;public Command();public Command()
/home/paper219/Desktop/analysis/demonstration//projects/Fastjson/revisions/rev_05b31f7_708e701/rev_05b31f7-708e701.revisions;/src/test/java/com/alibaba/json/bvt/bug/Bug_for_42283905.java;public Command(int id);public Command(int id)
/home/paper219/Desktop/analysis/demonstration//projects/Fastjson/revisions/rev_05b31f7_708e701/rev_05b31f7-708e701.revisions;/src/test/java/com/alibaba/json/bvt/bug/Bug_for_42283905.java;public int getId() ;public int getId() 
/home/paper219/Desktop/analysis/demonstration//projects/Fastjson/revisions/rev_05b31f7_708e701/rev_05b31f7-708e701.revisions;/src/test/java/com/alibaba/json/bvt/bug/Bug_for_42283905.java;public void setId(int id) ;public void setId(int id) 
/home/paper219/Desktop/analysis/demonstration//projects/Fastjson/revisions/rev_05b31f7_708e701/rev_05b31f7-708e701.revisions;/src/test/java/com/alibaba/json/bvt/bug/Bug_for_42283905.java;private Command pre;private Command pre
/home/paper219/Desktop/analysis/demonstration//projects/Fastjson/revisions/rev_05b31f7_708e701/rev_05b31f7-708e701.revisions;/src/test/java/com/alibaba/json/bvt/bug/Bug_for_42283905.java;public Command getPre() ;public Command getPre() 
/home/paper219/Desktop/analysis/demonstration//projects/Fastjson/revisions/rev_05b31f7_708e701/rev_05b31f7-708e701.revisions;/src/test/java/com/alibaba/json/bvt/bug/Bug_for_42283905.java;public void setPre(Command pre) ;public void setPre(Command pre) 
/home/paper219/Desktop/analysis/demonstration//projects/Fastjson/revisions/rev_05b31f7_708e701/rev_05b31f7-708e701.revisions;/src/test/java/com/alibaba/json/bvt/bug/Bug_for_42283905.java;public String toString() ;public String toString() 
/home/paper219/Desktop/analysis/demonstration//projects/Fastjson/revisions/rev_05b31f7_708e701/rev_05b31f7-708e701.revisions;/src/main/java/com/alibaba/fastjson/parser/DefaultJSONParser.java;public void addResolveTask(ResolveTask task) ;public void addResolveTask(ResolveTask task) 
/home/paper219/Desktop/analysis/demonstration//projects/Fastjson/revisions/rev_708e701_05b31f7/rev_708e701-05b31f7.revisions;/src/test/java/com/alibaba/json/bvt/ArrayRefTest.java;public void test_0() throws Exception ;public void test_0() throws Exception 
/home/paper219/Desktop/analysis/demonstration//projects/Fastjson/revisions/rev_708e701_05b31f7/rev_708e701-05b31f7.revisions;/src/test/java/com/alibaba/json/bvt/ArrayRefTest.java;  public static class Group ;  public static class Group 
/home/paper219/Desktop/analysis/demonstration//projects/Fastjson/revisions/rev_708e701_05b31f7/rev_708e701-05b31f7.revisions;/src/test/java/com/alibaba/json/bvt/ArrayRefTest.java;private int id;private int id
/home/paper219/Desktop/analysis/demonstration//projects/Fastjson/revisions/rev_708e701_05b31f7/rev_708e701-05b31f7.revisions;/src/test/java/com/alibaba/json/bvt/ArrayRefTest.java;public Group();public Group()
/home/paper219/Desktop/analysis/demonstration//projects/Fastjson/revisions/rev_708e701_05b31f7/rev_708e701-05b31f7.revisions;/src/test/java/com/alibaba/json/bvt/ArrayRefTest.java;public Group(int id);public Group(int id)
/home/paper219/Desktop/analysis/demonstration//projects/Fastjson/revisions/rev_708e701_05b31f7/rev_708e701-05b31f7.revisions;/src/test/java/com/alibaba/json/bvt/ArrayRefTest.java;public int getId() ;public int getId() 
/home/paper219/Desktop/analysis/demonstration//projects/Fastjson/revisions/rev_708e701_05b31f7/rev_708e701-05b31f7.revisions;/src/test/java/com/alibaba/json/bvt/ArrayRefTest.java;public void setId(int id) ;public void setId(int id) 
/home/paper219/Desktop/analysis/demonstration//projects/Fastjson/revisions/rev_708e701_05b31f7/rev_708e701-05b31f7.revisions;/src/test/java/com/alibaba/json/bvt/ArrayRefTest.java;public String toString() ;public String toString() 
/home/paper219/Desktop/analysis/demonstration//projects/Fastjson/revisions/rev_708e701_05b31f7/rev_708e701-05b31f7.revisions;/src/test/java/com/alibaba/json/bvt/bug/Bug_for_42283905.java;public void test_0() throws Exception ;public void test_0() throws Exception 
/home/paper219/Desktop/analysis/demonstration//projects/Fastjson/revisions/rev_708e701_05b31f7/rev_708e701-05b31f7.revisions;/src/test/java/com/alibaba/json/bvt/bug/Bug_for_42283905.java;  public static class Group ;  public static class Group 
/home/paper219/Desktop/analysis/demonstration//projects/Fastjson/revisions/rev_708e701_05b31f7/rev_708e701-05b31f7.revisions;/src/test/java/com/alibaba/json/bvt/bug/Bug_for_42283905.java;private String        name;private String        name
/home/paper219/Desktop/analysis/demonstration//projects/Fastjson/revisions/rev_708e701_05b31f7/rev_708e701-05b31f7.revisions;/src/test/java/com/alibaba/json/bvt/bug/Bug_for_42283905.java;private List<Command> battleCommandList ;private List<Command> battleCommandList 
/home/paper219/Desktop/analysis/demonstration//projects/Fastjson/revisions/rev_708e701_05b31f7/rev_708e701-05b31f7.revisions;/src/test/java/com/alibaba/json/bvt/bug/Bug_for_42283905.java;public Group();public Group()
/home/paper219/Desktop/analysis/demonstration//projects/Fastjson/revisions/rev_708e701_05b31f7/rev_708e701-05b31f7.revisions;/src/test/java/com/alibaba/json/bvt/bug/Bug_for_42283905.java;public Group(String name);public Group(String name)
/home/paper219/Desktop/analysis/demonstration//projects/Fastjson/revisions/rev_708e701_05b31f7/rev_708e701-05b31f7.revisions;/src/test/java/com/alibaba/json/bvt/bug/Bug_for_42283905.java;public List<Command> getBattleCommandList() ;public List<Command> getBattleCommandList() 
/home/paper219/Desktop/analysis/demonstration//projects/Fastjson/revisions/rev_708e701_05b31f7/rev_708e701-05b31f7.revisions;/src/test/java/com/alibaba/json/bvt/bug/Bug_for_42283905.java;public void setBattleCommandList(List<Command> battleCommandList) ;public void setBattleCommandList(List<Command> battleCommandList) 
/home/paper219/Desktop/analysis/demonstration//projects/Fastjson/revisions/rev_708e701_05b31f7/rev_708e701-05b31f7.revisions;/src/test/java/com/alibaba/json/bvt/bug/Bug_for_42283905.java;public String getName() ;public String getName() 
/home/paper219/Desktop/analysis/demonstration//projects/Fastjson/revisions/rev_708e701_05b31f7/rev_708e701-05b31f7.revisions;/src/test/java/com/alibaba/json/bvt/bug/Bug_for_42283905.java;public void setName(String name) ;public void setName(String name) 
/home/paper219/Desktop/analysis/demonstration//projects/Fastjson/revisions/rev_708e701_05b31f7/rev_708e701-05b31f7.revisions;/src/test/java/com/alibaba/json/bvt/bug/Bug_for_42283905.java;  public static class Command ;  public static class Command 
/home/paper219/Desktop/analysis/demonstration//projects/Fastjson/revisions/rev_708e701_05b31f7/rev_708e701-05b31f7.revisions;/src/test/java/com/alibaba/json/bvt/bug/Bug_for_42283905.java;private int id;private int id
/home/paper219/Desktop/analysis/demonstration//projects/Fastjson/revisions/rev_708e701_05b31f7/rev_708e701-05b31f7.revisions;/src/test/java/com/alibaba/json/bvt/bug/Bug_for_42283905.java;public Command();public Command()
/home/paper219/Desktop/analysis/demonstration//projects/Fastjson/revisions/rev_708e701_05b31f7/rev_708e701-05b31f7.revisions;/src/test/java/com/alibaba/json/bvt/bug/Bug_for_42283905.java;public Command(int id);public Command(int id)
/home/paper219/Desktop/analysis/demonstration//projects/Fastjson/revisions/rev_708e701_05b31f7/rev_708e701-05b31f7.revisions;/src/test/java/com/alibaba/json/bvt/bug/Bug_for_42283905.java;public int getId() ;public int getId() 
/home/paper219/Desktop/analysis/demonstration//projects/Fastjson/revisions/rev_708e701_05b31f7/rev_708e701-05b31f7.revisions;/src/test/java/com/alibaba/json/bvt/bug/Bug_for_42283905.java;public void setId(int id) ;public void setId(int id) 
/home/paper219/Desktop/analysis/demonstration//projects/Fastjson/revisions/rev_708e701_05b31f7/rev_708e701-05b31f7.revisions;/src/test/java/com/alibaba/json/bvt/bug/Bug_for_42283905.java;private Command pre;private Command pre
/home/paper219/Desktop/analysis/demonstration//projects/Fastjson/revisions/rev_708e701_05b31f7/rev_708e701-05b31f7.revisions;/src/test/java/com/alibaba/json/bvt/bug/Bug_for_42283905.java;public Command getPre() ;public Command getPre() 
/home/paper219/Desktop/analysis/demonstration//projects/Fastjson/revisions/rev_708e701_05b31f7/rev_708e701-05b31f7.revisions;/src/test/java/com/alibaba/json/bvt/bug/Bug_for_42283905.java;public void setPre(Command pre) ;public void setPre(Command pre) 
/home/paper219/Desktop/analysis/demonstration//projects/Fastjson/revisions/rev_708e701_05b31f7/rev_708e701-05b31f7.revisions;/src/test/java/com/alibaba/json/bvt/bug/Bug_for_42283905.java;public String toString() ;public String toString() 
/home/paper219/Desktop/analysis/demonstration//projects/Fastjson/revisions/rev_708e701_05b31f7/rev_708e701-05b31f7.revisions;/src/main/java/com/alibaba/fastjson/parser/DefaultJSONParser.java;public void addResolveTask(ResolveTask task) ;public void addResolveTask(ResolveTask task) 
/home/paper219/Desktop/analysis/demonstration//projects/Fastjson/revisions/rev_5df25cb_ebe948a/rev_5df25cb-ebe948a.revisions;/src/main/java/com/alibaba/fastjson/parser/DefaultJSONParser.java;@SuppressWarnings("rawtypes")    public Object parseObject(final Map object) ;@SuppressWarnings("rawtypes")    public Object parseObject(final Map object) 
/home/paper219/Desktop/analysis/demonstration//projects/Fastjson/revisions/rev_5df25cb_ebe948a/rev_5df25cb-ebe948a.revisions;/src/main/java/com/alibaba/fastjson/parser/DefaultJSONParser.java;public JSONObject parseObject() ;public JSONObject parseObject() 
/home/paper219/Desktop/analysis/demonstration//projects/Fastjson/revisions/rev_5df25cb_ebe948a/rev_5df25cb-ebe948a.revisions;/src/main/java/com/alibaba/fastjson/parser/DefaultJSONParser.java;@SuppressWarnings("rawtypes")    public final void parseArray(final Collection array) ;@SuppressWarnings("rawtypes")    public final void parseArray(final Collection array) 
/home/paper219/Desktop/analysis/demonstration//projects/Fastjson/revisions/rev_5df25cb_ebe948a/rev_5df25cb-ebe948a.revisions;/src/main/java/com/alibaba/fastjson/parser/DefaultJSONParser.java;@SuppressWarnings(;@SuppressWarnings(
/home/paper219/Desktop/analysis/demonstration//projects/Fastjson/revisions/rev_5df25cb_ebe948a/rev_5df25cb-ebe948a.revisions;/src/main/java/com/alibaba/fastjson/parser/DefaultJSONParser.java;public Object parse() ;public Object parse() 
/home/paper219/Desktop/analysis/demonstration//projects/Fastjson/revisions/rev_5df25cb_ebe948a/rev_5df25cb-ebe948a.revisions;/src/main/java/com/alibaba/fastjson/parser/DefaultJSONParser.java;public Object parse(Object fieldName) ;public Object parse(Object fieldName) 
/home/paper219/Desktop/analysis/demonstration//projects/Fastjson/revisions/rev_5df25cb_ebe948a/rev_5df25cb-ebe948a.revisions;/src/main/java/com/alibaba/fastjson/parser/DefaultJSONParser.java;public void config(Feature feature, boolean state) ;public void config(Feature feature, boolean state) 
/home/paper219/Desktop/analysis/demonstration//projects/Fastjson/revisions/rev_5df25cb_ebe948a/rev_5df25cb-ebe948a.revisions;/src/main/java/com/alibaba/fastjson/parser/DefaultJSONParser.java;public final void accept(final int token) ;public final void accept(final int token) 
/home/paper219/Desktop/analysis/demonstration//projects/Fastjson/revisions/rev_5df25cb_ebe948a/rev_5df25cb-ebe948a.revisions;/src/main/java/com/alibaba/fastjson/parser/DefaultJSONParser.java;public void close() ;public void close() 
/home/paper219/Desktop/analysis/demonstration//projects/Fastjson/revisions/rev_5df25cb_ebe948a/rev_5df25cb-ebe948a.revisions;/src/main/java/com/alibaba/fastjson/parser/deserializer/ListResolveFieldDeserializer.java;private final DefaultJSONParser parser;private final DefaultJSONParser parser
/home/paper219/Desktop/analysis/demonstration//projects/Fastjson/revisions/rev_5df25cb_ebe948a/rev_5df25cb-ebe948a.revisions;/src/main/java/com/alibaba/fastjson/parser/deserializer/ListResolveFieldDeserializer.java;public ListResolveFieldDeserializer(DefaultJSONParser parser, List list, int index);public ListResolveFieldDeserializer(DefaultJSONParser parser, List list, int index)
/home/paper219/Desktop/analysis/demonstration//projects/Fastjson/revisions/rev_62c589a_2c88690/rev_62c589a-2c88690.revisions;/src/main/java/com/alibaba/fastjson/parser/deserializer/DateDeserializer.java;@SuppressWarnings("unchecked")    protected <T> T cast(DefaultJSONParser parser, Type clazz, Object fieldName, Object val) ;@SuppressWarnings("unchecked")    protected <T> T cast(DefaultJSONParser parser, Type clazz, Object fieldName, Object val) 
/home/paper219/Desktop/analysis/demonstration//projects/Fastjson/revisions/rev_62c589a_2c88690/rev_62c589a-2c88690.revisions;/src/main/java/com/alibaba/fastjson/parser/deserializer/TimestampDeserializer.java;@SuppressWarnings("unchecked")    protected <T> T cast(DefaultJSONParser parser, Type clazz, Object fieldName, Object val) ;@SuppressWarnings("unchecked")    protected <T> T cast(DefaultJSONParser parser, Type clazz, Object fieldName, Object val) 
/home/paper219/Desktop/analysis/demonstration//projects/Fastjson/revisions/rev_62c589a_2c88690/rev_62c589a-2c88690.revisions;/src/main/java/com/alibaba/fastjson/parser/deserializer/SqlDateDeserializer.java;@SuppressWarnings("unchecked")    protected <T> T cast(DefaultJSONParser parser, Type clazz, Object fieldName, Object val) ;@SuppressWarnings("unchecked")    protected <T> T cast(DefaultJSONParser parser, Type clazz, Object fieldName, Object val) 
/home/paper219/Desktop/analysis/demonstration//projects/Fastjson/revisions/rev_62c589a_2c88690/rev_62c589a-2c88690.revisions;/src/test/java/com/alibaba/json/bvt/bug/Bug_for_lenolix_6.java;public void test_for_objectKey() throws Exception ;public void test_for_objectKey() throws Exception 
/home/paper219/Desktop/analysis/demonstration//projects/Fastjson/revisions/rev_12d54d2_7f38646/rev_12d54d2-7f38646.revisions;/src/main/java/com/alibaba/fastjson/parser/deserializer/MapResolveFieldDeserializer.java;private final String              key;private final String              key
/home/paper219/Desktop/analysis/demonstration//projects/Fastjson/revisions/rev_12d54d2_7f38646/rev_12d54d2-7f38646.revisions;/src/main/java/com/alibaba/fastjson/parser/deserializer/MapResolveFieldDeserializer.java;private final Map map;private final Map map
/home/paper219/Desktop/analysis/demonstration//projects/Fastjson/revisions/rev_12d54d2_7f38646/rev_12d54d2-7f38646.revisions;/src/main/java/com/alibaba/fastjson/parser/deserializer/MapResolveFieldDeserializer.java;public MapResolveFieldDeserializer(Map map, String index);public MapResolveFieldDeserializer(Map map, String index)
/home/paper219/Desktop/analysis/demonstration//projects/Fastjson/revisions/rev_12d54d2_7f38646/rev_12d54d2-7f38646.revisions;/src/main/java/com/alibaba/fastjson/parser/deserializer/MapResolveFieldDeserializer.java;@SuppressWarnings("unchecked")    public void setValue(Object object, Object value) ;@SuppressWarnings("unchecked")    public void setValue(Object object, Object value) 
/home/paper219/Desktop/analysis/demonstration//projects/Fastjson/revisions/rev_12d54d2_7f38646/rev_12d54d2-7f38646.revisions;/src/main/java/com/alibaba/fastjson/parser/deserializer/MapResolveFieldDeserializer.java;@Override    public void parseField(DefaultJSONParser parser, Object object, Type objectType, Map<String, Object> fieldValues) ;@Override    public void parseField(DefaultJSONParser parser, Object object, Type objectType, Map<String, Object> fieldValues) 
/home/paper219/Desktop/analysis/demonstration//projects/Fastjson/revisions/rev_12d54d2_7f38646/rev_12d54d2-7f38646.revisions;/src/main/java/com/alibaba/fastjson/parser/deserializer/MapResolveFieldDeserializer.java;@Override    public int getFastMatchToken() ;@Override    public int getFastMatchToken() 
/home/paper219/Desktop/analysis/demonstration//projects/Hystrix/revisions/rev_f0023bb_e4033fb/rev_f0023bb-e4033fb.revisions;/hystrix-core/src/main/java/com/netflix/hystrix/HystrixCommandMetrics.java;public static HystrixCommandMetrics getInstance(HystrixCommandKey key) ;public static HystrixCommandMetrics getInstance(HystrixCommandKey key) 
/home/paper219/Desktop/analysis/demonstration//projects/Fastjson/revisions/rev_ad6d97a_055aab7/rev_ad6d97a-055aab7.revisions;/src/test/java/com/alibaba/json/bvtVO/IEvent.java;private static final long   serialVersionUID ;private static final long   serialVersionUID 
/home/paper219/Desktop/analysis/demonstration//projects/Fastjson/revisions/rev_ad6d97a_055aab7/rev_ad6d97a-055aab7.revisions;/src/test/java/com/alibaba/json/bvtVO/IEvent.java;private String              name;private String              name
/home/paper219/Desktop/analysis/demonstration//projects/Fastjson/revisions/rev_ad6d97a_055aab7/rev_ad6d97a-055aab7.revisions;/src/test/java/com/alibaba/json/bvtVO/IEvent.java;private String              source;private String              source
/home/paper219/Desktop/analysis/demonstration//projects/Fastjson/revisions/rev_ad6d97a_055aab7/rev_ad6d97a-055aab7.revisions;/src/test/java/com/alibaba/json/bvtVO/IEvent.java;private Map<String, Object> detailData;private Map<String, Object> detailData
/home/paper219/Desktop/analysis/demonstration//projects/Fastjson/revisions/rev_ad6d97a_055aab7/rev_ad6d97a-055aab7.revisions;/src/test/java/com/alibaba/json/bvtVO/IEvent.java;private Timestamp           generateTime;private Timestamp           generateTime
/home/paper219/Desktop/analysis/demonstration//projects/Fastjson/revisions/rev_ad6d97a_055aab7/rev_ad6d97a-055aab7.revisions;/src/test/java/com/alibaba/json/bvtVO/IEvent.java;private String              externalId;private String              externalId
/home/paper219/Desktop/analysis/demonstration//projects/Fastjson/revisions/rev_ad6d97a_055aab7/rev_ad6d97a-055aab7.revisions;/src/test/java/com/alibaba/json/bvtVO/IEvent.java;public String getExternalId() ;public String getExternalId() 
/home/paper219/Desktop/analysis/demonstration//projects/Fastjson/revisions/rev_ad6d97a_055aab7/rev_ad6d97a-055aab7.revisions;/src/test/java/com/alibaba/json/bvtVO/IEvent.java;public void setExternalId(String externalId) ;public void setExternalId(String externalId) 
/home/paper219/Desktop/analysis/demonstration//projects/Fastjson/revisions/rev_ad6d97a_055aab7/rev_ad6d97a-055aab7.revisions;/src/test/java/com/alibaba/json/bvtVO/IEvent.java;public String getName() ;public String getName() 
/home/paper219/Desktop/analysis/demonstration//projects/Fastjson/revisions/rev_ad6d97a_055aab7/rev_ad6d97a-055aab7.revisions;/src/test/java/com/alibaba/json/bvtVO/IEvent.java;public void setName(String name) ;public void setName(String name) 
/home/paper219/Desktop/analysis/demonstration//projects/Fastjson/revisions/rev_ad6d97a_055aab7/rev_ad6d97a-055aab7.revisions;/src/test/java/com/alibaba/json/bvtVO/IEvent.java;public String getSource() ;public String getSource() 
/home/paper219/Desktop/analysis/demonstration//projects/Fastjson/revisions/rev_ad6d97a_055aab7/rev_ad6d97a-055aab7.revisions;/src/test/java/com/alibaba/json/bvtVO/IEvent.java;public void setSource(String source) ;public void setSource(String source) 
/home/paper219/Desktop/analysis/demonstration//projects/Fastjson/revisions/rev_ad6d97a_055aab7/rev_ad6d97a-055aab7.revisions;/src/test/java/com/alibaba/json/bvtVO/IEvent.java;public Map<String, Object> getDetailData() ;public Map<String, Object> getDetailData() 
/home/paper219/Desktop/analysis/demonstration//projects/Fastjson/revisions/rev_ad6d97a_055aab7/rev_ad6d97a-055aab7.revisions;/src/test/java/com/alibaba/json/bvtVO/IEvent.java;public void setDetailData(Map<String, Object> detailData) ;public void setDetailData(Map<String, Object> detailData) 
/home/paper219/Desktop/analysis/demonstration//projects/Fastjson/revisions/rev_ad6d97a_055aab7/rev_ad6d97a-055aab7.revisions;/src/test/java/com/alibaba/json/bvtVO/IEvent.java;public Timestamp getGenerateTime() ;public Timestamp getGenerateTime() 
/home/paper219/Desktop/analysis/demonstration//projects/Fastjson/revisions/rev_ad6d97a_055aab7/rev_ad6d97a-055aab7.revisions;/src/test/java/com/alibaba/json/bvtVO/IEvent.java;public void setGenerateTime(Timestamp generateTime) ;public void setGenerateTime(Timestamp generateTime) 
/home/paper219/Desktop/analysis/demonstration//projects/Fastjson/revisions/rev_ad6d97a_055aab7/rev_ad6d97a-055aab7.revisions;/src/test/java/com/alibaba/json/bvtVO/IEvent.java;@Override    public String toString() ;@Override    public String toString() 
/home/paper219/Desktop/analysis/demonstration//projects/Fastjson/revisions/rev_ad6d97a_055aab7/rev_ad6d97a-055aab7.revisions;/src/main/java/com/alibaba/fastjson/annotation/JSONType.java;boolean asm() default true;boolean asm() default true
/home/paper219/Desktop/analysis/demonstration//projects/Fastjson/revisions/rev_55afa54_bd49960/rev_55afa54-bd49960.revisions;/src/main/java/com/alibaba/fastjson/serializer/SerializeWriter.java;private void writeStringWithDoubleQuote(String text, final char seperator, boolean checkSpecial) ;private void writeStringWithDoubleQuote(String text, final char seperator, boolean checkSpecial) 
/home/paper219/Desktop/analysis/demonstration//projects/Fastjson/revisions/rev_69f677f_8af0afb/rev_69f677f-8af0afb.revisions;/src/test/java/com/alibaba/json/bvt/bug/Bug_for_json_array.java;public void test_bug() throws Exception ;public void test_bug() throws Exception 
/home/paper219/Desktop/analysis/demonstration//projects/Fastjson/revisions/rev_69f677f_8af0afb/rev_69f677f-8af0afb.revisions;/src/test/java/com/alibaba/json/bvt/bug/Bug_for_json_array.java;  public static class Parser ;  public static class Parser 
/home/paper219/Desktop/analysis/demonstration//projects/Fastjson/revisions/rev_69f677f_8af0afb/rev_69f677f-8af0afb.revisions;/src/test/java/com/alibaba/json/bvt/bug/Bug_for_json_array.java;public int    state;public int    state
/home/paper219/Desktop/analysis/demonstration//projects/Fastjson/revisions/rev_69f677f_8af0afb/rev_69f677f-8af0afb.revisions;/src/test/java/com/alibaba/json/bvt/bug/Bug_for_json_array.java;public JSON   data;public JSON   data
/home/paper219/Desktop/analysis/demonstration//projects/Fastjson/revisions/rev_69f677f_8af0afb/rev_69f677f-8af0afb.revisions;/src/test/java/com/alibaba/json/bvt/bug/Bug_for_json_array.java;public String status;public String status
/home/paper219/Desktop/analysis/demonstration//projects/Fastjson/revisions/rev_69f677f_8af0afb/rev_69f677f-8af0afb.revisions;/src/test/java/com/alibaba/json/bvt/bug/Bug_for_json_array.java;public String err;public String err
/home/paper219/Desktop/analysis/demonstration//projects/Fastjson/revisions/rev_69f677f_8af0afb/rev_69f677f-8af0afb.revisions;/src/test/java/com/alibaba/json/bvt/bug/Bug_for_json_array.java;public int getState() ;public int getState() 
/home/paper219/Desktop/analysis/demonstration//projects/Fastjson/revisions/rev_69f677f_8af0afb/rev_69f677f-8af0afb.revisions;/src/test/java/com/alibaba/json/bvt/bug/Bug_for_json_array.java;public void setState(int state) ;public void setState(int state) 
/home/paper219/Desktop/analysis/demonstration//projects/Fastjson/revisions/rev_69f677f_8af0afb/rev_69f677f-8af0afb.revisions;/src/test/java/com/alibaba/json/bvt/bug/Bug_for_json_array.java;public JSON getData() ;public JSON getData() 
/home/paper219/Desktop/analysis/demonstration//projects/Fastjson/revisions/rev_69f677f_8af0afb/rev_69f677f-8af0afb.revisions;/src/test/java/com/alibaba/json/bvt/bug/Bug_for_json_array.java;public void setData(JSON data) ;public void setData(JSON data) 
/home/paper219/Desktop/analysis/demonstration//projects/Fastjson/revisions/rev_69f677f_8af0afb/rev_69f677f-8af0afb.revisions;/src/test/java/com/alibaba/json/bvt/bug/Bug_for_json_array.java;public String getStatus() ;public String getStatus() 
/home/paper219/Desktop/analysis/demonstration//projects/Fastjson/revisions/rev_69f677f_8af0afb/rev_69f677f-8af0afb.revisions;/src/test/java/com/alibaba/json/bvt/bug/Bug_for_json_array.java;public void setStatus(String status) ;public void setStatus(String status) 
/home/paper219/Desktop/analysis/demonstration//projects/Fastjson/revisions/rev_69f677f_8af0afb/rev_69f677f-8af0afb.revisions;/src/test/java/com/alibaba/json/bvt/bug/Bug_for_json_array.java;public String getErr() ;public String getErr() 
/home/paper219/Desktop/analysis/demonstration//projects/Fastjson/revisions/rev_69f677f_8af0afb/rev_69f677f-8af0afb.revisions;/src/test/java/com/alibaba/json/bvt/bug/Bug_for_json_array.java;public void setErr(String err) ;public void setErr(String err) 
/home/paper219/Desktop/analysis/demonstration//projects/Fastjson/revisions/rev_69f677f_8af0afb/rev_69f677f-8af0afb.revisions;/src/test/java/com/alibaba/json/bvt/bug/Bug_for_primitive_long.java;public void test_emptyStr() throws Exception ;public void test_emptyStr() throws Exception 
/home/paper219/Desktop/analysis/demonstration//projects/Fastjson/revisions/rev_69f677f_8af0afb/rev_69f677f-8af0afb.revisions;/src/test/java/com/alibaba/json/bvt/bug/Bug_for_primitive_long.java;public void test_null() throws Exception ;public void test_null() throws Exception 
/home/paper219/Desktop/analysis/demonstration//projects/Fastjson/revisions/rev_69f677f_8af0afb/rev_69f677f-8af0afb.revisions;/src/test/java/com/alibaba/json/bvt/bug/Bug_for_primitive_long.java;public void test_strNull() throws Exception ;public void test_strNull() throws Exception 
/home/paper219/Desktop/analysis/demonstration//projects/Fastjson/revisions/rev_69f677f_8af0afb/rev_69f677f-8af0afb.revisions;/src/test/java/com/alibaba/json/bvt/bug/Bug_for_primitive_long.java;  public static class VO ;  public static class VO 
/home/paper219/Desktop/analysis/demonstration//projects/Fastjson/revisions/rev_69f677f_8af0afb/rev_69f677f-8af0afb.revisions;/src/test/java/com/alibaba/json/bvt/bug/Bug_for_primitive_long.java;private long value;private long value
/home/paper219/Desktop/analysis/demonstration//projects/Fastjson/revisions/rev_69f677f_8af0afb/rev_69f677f-8af0afb.revisions;/src/test/java/com/alibaba/json/bvt/bug/Bug_for_primitive_long.java;public long getValue() ;public long getValue() 
/home/paper219/Desktop/analysis/demonstration//projects/Fastjson/revisions/rev_69f677f_8af0afb/rev_69f677f-8af0afb.revisions;/src/test/java/com/alibaba/json/bvt/bug/Bug_for_primitive_long.java;public void setValue(long value) ;public void setValue(long value) 
/home/paper219/Desktop/analysis/demonstration//projects/Fastjson/revisions/rev_69f677f_8af0afb/rev_69f677f-8af0afb.revisions;/src/test/java/com/alibaba/json/bvt/bug/Bug_for_primitive_int.java;public void test_emptyStr() throws Exception ;public void test_emptyStr() throws Exception 
/home/paper219/Desktop/analysis/demonstration//projects/Fastjson/revisions/rev_69f677f_8af0afb/rev_69f677f-8af0afb.revisions;/src/test/java/com/alibaba/json/bvt/bug/Bug_for_primitive_int.java;public void test_null() throws Exception ;public void test_null() throws Exception 
/home/paper219/Desktop/analysis/demonstration//projects/Fastjson/revisions/rev_69f677f_8af0afb/rev_69f677f-8af0afb.revisions;/src/test/java/com/alibaba/json/bvt/bug/Bug_for_primitive_int.java;public void test_strNull() throws Exception ;public void test_strNull() throws Exception 
/home/paper219/Desktop/analysis/demonstration//projects/Fastjson/revisions/rev_69f677f_8af0afb/rev_69f677f-8af0afb.revisions;/src/test/java/com/alibaba/json/bvt/bug/Bug_for_primitive_int.java;  public static class VO ;  public static class VO 
/home/paper219/Desktop/analysis/demonstration//projects/Fastjson/revisions/rev_69f677f_8af0afb/rev_69f677f-8af0afb.revisions;/src/test/java/com/alibaba/json/bvt/bug/Bug_for_primitive_int.java;private int value;private int value
/home/paper219/Desktop/analysis/demonstration//projects/Fastjson/revisions/rev_69f677f_8af0afb/rev_69f677f-8af0afb.revisions;/src/test/java/com/alibaba/json/bvt/bug/Bug_for_primitive_int.java;public int getValue() ;public int getValue() 
/home/paper219/Desktop/analysis/demonstration//projects/Fastjson/revisions/rev_69f677f_8af0afb/rev_69f677f-8af0afb.revisions;/src/test/java/com/alibaba/json/bvt/bug/Bug_for_primitive_int.java;public void setValue(int value) ;public void setValue(int value) 
/home/paper219/Desktop/analysis/demonstration//projects/Fastjson/revisions/rev_69f677f_8af0afb/rev_69f677f-8af0afb.revisions;/src/test/java/com/alibaba/json/bvt/bug/Bug_for_primitive_double.java;public void test_emptyStr() throws Exception ;public void test_emptyStr() throws Exception 
/home/paper219/Desktop/analysis/demonstration//projects/Fastjson/revisions/rev_69f677f_8af0afb/rev_69f677f-8af0afb.revisions;/src/test/java/com/alibaba/json/bvt/bug/Bug_for_primitive_double.java;public void test_null() throws Exception ;public void test_null() throws Exception 
/home/paper219/Desktop/analysis/demonstration//projects/Fastjson/revisions/rev_69f677f_8af0afb/rev_69f677f-8af0afb.revisions;/src/test/java/com/alibaba/json/bvt/bug/Bug_for_primitive_double.java;public void test_strNull() throws Exception ;public void test_strNull() throws Exception 
/home/paper219/Desktop/analysis/demonstration//projects/Fastjson/revisions/rev_69f677f_8af0afb/rev_69f677f-8af0afb.revisions;/src/test/java/com/alibaba/json/bvt/bug/Bug_for_primitive_double.java;  public static class VO ;  public static class VO 
/home/paper219/Desktop/analysis/demonstration//projects/Fastjson/revisions/rev_69f677f_8af0afb/rev_69f677f-8af0afb.revisions;/src/test/java/com/alibaba/json/bvt/bug/Bug_for_primitive_double.java;private double value;private double value
/home/paper219/Desktop/analysis/demonstration//projects/Fastjson/revisions/rev_69f677f_8af0afb/rev_69f677f-8af0afb.revisions;/src/test/java/com/alibaba/json/bvt/bug/Bug_for_primitive_double.java;public double getValue() ;public double getValue() 
/home/paper219/Desktop/analysis/demonstration//projects/Fastjson/revisions/rev_69f677f_8af0afb/rev_69f677f-8af0afb.revisions;/src/test/java/com/alibaba/json/bvt/bug/Bug_for_primitive_double.java;public void setValue(double value) ;public void setValue(double value) 
/home/paper219/Desktop/analysis/demonstration//projects/Fastjson/revisions/rev_69f677f_8af0afb/rev_69f677f-8af0afb.revisions;/src/test/java/com/alibaba/json/bvt/bug/Bug_for_primitive_boolean.java;public void test_emptyStr() throws Exception ;public void test_emptyStr() throws Exception 
/home/paper219/Desktop/analysis/demonstration//projects/Fastjson/revisions/rev_69f677f_8af0afb/rev_69f677f-8af0afb.revisions;/src/test/java/com/alibaba/json/bvt/bug/Bug_for_primitive_boolean.java;public void test_null() throws Exception ;public void test_null() throws Exception 
/home/paper219/Desktop/analysis/demonstration//projects/Fastjson/revisions/rev_69f677f_8af0afb/rev_69f677f-8af0afb.revisions;/src/test/java/com/alibaba/json/bvt/bug/Bug_for_primitive_boolean.java;public void test_strNull() throws Exception ;public void test_strNull() throws Exception 
/home/paper219/Desktop/analysis/demonstration//projects/Fastjson/revisions/rev_69f677f_8af0afb/rev_69f677f-8af0afb.revisions;/src/test/java/com/alibaba/json/bvt/bug/Bug_for_primitive_boolean.java;  public static class VO ;  public static class VO 
/home/paper219/Desktop/analysis/demonstration//projects/Fastjson/revisions/rev_69f677f_8af0afb/rev_69f677f-8af0afb.revisions;/src/test/java/com/alibaba/json/bvt/bug/Bug_for_primitive_boolean.java;private boolean value;private boolean value
/home/paper219/Desktop/analysis/demonstration//projects/Fastjson/revisions/rev_69f677f_8af0afb/rev_69f677f-8af0afb.revisions;/src/test/java/com/alibaba/json/bvt/bug/Bug_for_primitive_boolean.java;public boolean getValue() ;public boolean getValue() 
/home/paper219/Desktop/analysis/demonstration//projects/Fastjson/revisions/rev_69f677f_8af0afb/rev_69f677f-8af0afb.revisions;/src/test/java/com/alibaba/json/bvt/bug/Bug_for_primitive_boolean.java;public void setValue(boolean value) ;public void setValue(boolean value) 
/home/paper219/Desktop/analysis/demonstration//projects/Fastjson/revisions/rev_69f677f_8af0afb/rev_69f677f-8af0afb.revisions;/src/test/java/com/alibaba/json/bvt/bug/Bug_for_primitive_byte.java;public void test_emptyStr() throws Exception ;public void test_emptyStr() throws Exception 
/home/paper219/Desktop/analysis/demonstration//projects/Fastjson/revisions/rev_69f677f_8af0afb/rev_69f677f-8af0afb.revisions;/src/test/java/com/alibaba/json/bvt/bug/Bug_for_primitive_byte.java;public void test_null() throws Exception ;public void test_null() throws Exception 
/home/paper219/Desktop/analysis/demonstration//projects/Fastjson/revisions/rev_69f677f_8af0afb/rev_69f677f-8af0afb.revisions;/src/test/java/com/alibaba/json/bvt/bug/Bug_for_primitive_byte.java;public void test_strNull() throws Exception ;public void test_strNull() throws Exception 
/home/paper219/Desktop/analysis/demonstration//projects/Fastjson/revisions/rev_69f677f_8af0afb/rev_69f677f-8af0afb.revisions;/src/test/java/com/alibaba/json/bvt/bug/Bug_for_primitive_byte.java;  public static class VO ;  public static class VO 
/home/paper219/Desktop/analysis/demonstration//projects/Fastjson/revisions/rev_69f677f_8af0afb/rev_69f677f-8af0afb.revisions;/src/test/java/com/alibaba/json/bvt/bug/Bug_for_primitive_byte.java;private byte value;private byte value
/home/paper219/Desktop/analysis/demonstration//projects/Fastjson/revisions/rev_69f677f_8af0afb/rev_69f677f-8af0afb.revisions;/src/test/java/com/alibaba/json/bvt/bug/Bug_for_primitive_byte.java;public byte getValue() ;public byte getValue() 
/home/paper219/Desktop/analysis/demonstration//projects/Fastjson/revisions/rev_69f677f_8af0afb/rev_69f677f-8af0afb.revisions;/src/test/java/com/alibaba/json/bvt/bug/Bug_for_primitive_byte.java;public void setValue(byte value) ;public void setValue(byte value) 
/home/paper219/Desktop/analysis/demonstration//projects/Fastjson/revisions/rev_69f677f_8af0afb/rev_69f677f-8af0afb.revisions;/src/test/java/com/alibaba/json/bvt/bug/Bug_for_primitive_float.java;public void test_emptyStr() throws Exception ;public void test_emptyStr() throws Exception 
/home/paper219/Desktop/analysis/demonstration//projects/Fastjson/revisions/rev_69f677f_8af0afb/rev_69f677f-8af0afb.revisions;/src/test/java/com/alibaba/json/bvt/bug/Bug_for_primitive_float.java;public void test_null() throws Exception ;public void test_null() throws Exception 
/home/paper219/Desktop/analysis/demonstration//projects/Fastjson/revisions/rev_69f677f_8af0afb/rev_69f677f-8af0afb.revisions;/src/test/java/com/alibaba/json/bvt/bug/Bug_for_primitive_float.java;public void test_strNull() throws Exception ;public void test_strNull() throws Exception 
/home/paper219/Desktop/analysis/demonstration//projects/Fastjson/revisions/rev_69f677f_8af0afb/rev_69f677f-8af0afb.revisions;/src/test/java/com/alibaba/json/bvt/bug/Bug_for_primitive_float.java;  public static class VO ;  public static class VO 
/home/paper219/Desktop/analysis/demonstration//projects/Fastjson/revisions/rev_69f677f_8af0afb/rev_69f677f-8af0afb.revisions;/src/test/java/com/alibaba/json/bvt/bug/Bug_for_primitive_float.java;private float value;private float value
/home/paper219/Desktop/analysis/demonstration//projects/Fastjson/revisions/rev_69f677f_8af0afb/rev_69f677f-8af0afb.revisions;/src/test/java/com/alibaba/json/bvt/bug/Bug_for_primitive_float.java;public float getValue() ;public float getValue() 
/home/paper219/Desktop/analysis/demonstration//projects/Fastjson/revisions/rev_69f677f_8af0afb/rev_69f677f-8af0afb.revisions;/src/test/java/com/alibaba/json/bvt/bug/Bug_for_primitive_float.java;public void setValue(float value) ;public void setValue(float value) 
/home/paper219/Desktop/analysis/demonstration//projects/Fastjson/revisions/rev_69f677f_8af0afb/rev_69f677f-8af0afb.revisions;/src/main/java/com/alibaba/fastjson/parser/SymbolTable.java;private static String subString(String src, int offset, int len) ;private static String subString(String src, int offset, int len) 
/home/paper219/Desktop/analysis/demonstration//projects/Fastjson/revisions/rev_a3e83d9_441164d/rev_a3e83d9-441164d.revisions;/src/test/java/com/alibaba/json/bvt/parser/JSONLexerAllowCommentTest.java;public void test_0() throws Exception ;public void test_0() throws Exception 
/home/paper219/Desktop/analysis/demonstration//projects/Fastjson/revisions/rev_a3e83d9_441164d/rev_a3e83d9-441164d.revisions;/src/test/java/com/alibaba/json/bvt/parser/JSONLexerAllowCommentTest.java;public void test_1() throws IOException ;public void test_1() throws IOException 
/home/paper219/Desktop/analysis/demonstration//projects/Fastjson/revisions/rev_3c07047_40cd238/rev_3c07047-40cd238.revisions;/src/main/java/com/alibaba/fastjson/support/jaxrs/FastJsonProvider.java;private String DEFAULT_CHARSET ;private String DEFAULT_CHARSET 
/home/paper219/Desktop/analysis/demonstration//projects/Fastjson/revisions/rev_3c07047_40cd238/rev_3c07047-40cd238.revisions;/src/main/java/com/alibaba/fastjson/support/jaxrs/FastJsonProvider.java;private String charset ;private String charset 
/home/paper219/Desktop/analysis/demonstration//projects/Fastjson/revisions/rev_3c07047_40cd238/rev_3c07047-40cd238.revisions;/src/main/java/com/alibaba/fastjson/support/jaxrs/FastJsonProvider.java;public FastJsonProvider(String charset) ;public FastJsonProvider(String charset) 
/home/paper219/Desktop/analysis/demonstration//projects/Fastjson/revisions/rev_3c07047_40cd238/rev_3c07047-40cd238.revisions;/src/main/java/com/alibaba/fastjson/support/jaxrs/FastJsonProvider.java;private String inputStreamReadString(InputStream in) ;private String inputStreamReadString(InputStream in) 
/home/paper219/Desktop/analysis/demonstration//projects/Fastjson/revisions/rev_3c07047_40cd238/rev_3c07047-40cd238.revisions;/src/main/java/com/alibaba/fastjson/support/jaxrs/FastJsonProvider.java;private void outputStreamWriteString(OutputStream out, String str) ;private void outputStreamWriteString(OutputStream out, String str) 
/home/paper219/Desktop/analysis/demonstration//projects/Fastjson/revisions/rev_3c07047_40cd238/rev_3c07047-40cd238.revisions;/src/main/java/com/alibaba/fastjson/support/spring/FastJsonHttpMessageConverter.java;@Override	public boolean canRead(Type type, Class<?> contextClass, MediaType mediaType) ;@Override	public boolean canRead(Type type, Class<?> contextClass, MediaType mediaType) 
/home/paper219/Desktop/analysis/demonstration//projects/Fastjson/revisions/rev_3c07047_40cd238/rev_3c07047-40cd238.revisions;/src/main/java/com/alibaba/fastjson/support/spring/FastJsonHttpMessageConverter.java;@Override	public Object read(Type type, Class<?> contextClass,            HttpInputMessage inputMessage) throws IOException, HttpMessageNotReadableException ;@Override	public Object read(Type type, Class<?> contextClass,            HttpInputMessage inputMessage) throws IOException, HttpMessageNotReadableException 
/home/paper219/Desktop/analysis/demonstration//projects/Fastjson/revisions/rev_969d52e_9f78225/rev_969d52e-9f78225.revisions;/src/test/java/com/alibaba/json/bvt/serializer/ListFieldTest.java;public void test_for_list() throws Exception ;public void test_for_list() throws Exception 
/home/paper219/Desktop/analysis/demonstration//projects/Fastjson/revisions/rev_969d52e_9f78225/rev_969d52e-9f78225.revisions;/src/test/java/com/alibaba/json/bvt/serializer/ListFieldTest.java;  public static class Model ;  public static class Model 
/home/paper219/Desktop/analysis/demonstration//projects/Fastjson/revisions/rev_969d52e_9f78225/rev_969d52e-9f78225.revisions;/src/test/java/com/alibaba/json/bvt/serializer/ListFieldTest.java;private int          id;private int          id
/home/paper219/Desktop/analysis/demonstration//projects/Fastjson/revisions/rev_969d52e_9f78225/rev_969d52e-9f78225.revisions;/src/test/java/com/alibaba/json/bvt/serializer/ListFieldTest.java;private List<String> values ;private List<String> values 
/home/paper219/Desktop/analysis/demonstration//projects/Fastjson/revisions/rev_969d52e_9f78225/rev_969d52e-9f78225.revisions;/src/test/java/com/alibaba/json/bvt/serializer/ListFieldTest.java;public int getId() ;public int getId() 
/home/paper219/Desktop/analysis/demonstration//projects/Fastjson/revisions/rev_969d52e_9f78225/rev_969d52e-9f78225.revisions;/src/test/java/com/alibaba/json/bvt/serializer/ListFieldTest.java;public void setId(int id) ;public void setId(int id) 
/home/paper219/Desktop/analysis/demonstration//projects/Fastjson/revisions/rev_969d52e_9f78225/rev_969d52e-9f78225.revisions;/src/test/java/com/alibaba/json/bvt/serializer/ListFieldTest.java;public List<String> getValues() ;public List<String> getValues() 
/home/paper219/Desktop/analysis/demonstration//projects/Fastjson/revisions/rev_9b6d748_e82a56a/rev_9b6d748-e82a56a.revisions;/src/test/java/com/alibaba/json/bvt/issue_1200/Issue1276.java;public void test_for_issue() throws Exception ;public void test_for_issue() throws Exception 
/home/paper219/Desktop/analysis/demonstration//projects/Fastjson/revisions/rev_9b6d748_e82a56a/rev_9b6d748-e82a56a.revisions;/src/test/java/com/alibaba/json/bvt/issue_1200/Issue1276.java;  public static class MyException extends RuntimeException ;  public static class MyException extends RuntimeException 
/home/paper219/Desktop/analysis/demonstration//projects/Fastjson/revisions/rev_9b6d748_e82a56a/rev_9b6d748-e82a56a.revisions;/src/test/java/com/alibaba/json/bvt/issue_1200/Issue1276.java;private static final long serialVersionUID ;private static final long serialVersionUID 
/home/paper219/Desktop/analysis/demonstration//projects/Fastjson/revisions/rev_9b6d748_e82a56a/rev_9b6d748-e82a56a.revisions;/src/test/java/com/alibaba/json/bvt/issue_1200/Issue1276.java;private long code;private long code
/home/paper219/Desktop/analysis/demonstration//projects/Fastjson/revisions/rev_9b6d748_e82a56a/rev_9b6d748-e82a56a.revisions;/src/test/java/com/alibaba/json/bvt/issue_1200/Issue1276.java;public MyException() ;public MyException() 
/home/paper219/Desktop/analysis/demonstration//projects/Fastjson/revisions/rev_9b6d748_e82a56a/rev_9b6d748-e82a56a.revisions;/src/test/java/com/alibaba/json/bvt/issue_1200/Issue1276.java;public MyException(String message, Throwable cause) ;public MyException(String message, Throwable cause) 
/home/paper219/Desktop/analysis/demonstration//projects/Fastjson/revisions/rev_9b6d748_e82a56a/rev_9b6d748-e82a56a.revisions;/src/test/java/com/alibaba/json/bvt/issue_1200/Issue1276.java;public MyException(String message) ;public MyException(String message) 
/home/paper219/Desktop/analysis/demonstration//projects/Fastjson/revisions/rev_9b6d748_e82a56a/rev_9b6d748-e82a56a.revisions;/src/test/java/com/alibaba/json/bvt/issue_1200/Issue1276.java;public MyException(Throwable cause) ;public MyException(Throwable cause) 
/home/paper219/Desktop/analysis/demonstration//projects/Fastjson/revisions/rev_9b6d748_e82a56a/rev_9b6d748-e82a56a.revisions;/src/test/java/com/alibaba/json/bvt/issue_1200/Issue1276.java;public MyException(long code) ;public MyException(long code) 
/home/paper219/Desktop/analysis/demonstration//projects/Fastjson/revisions/rev_9b6d748_e82a56a/rev_9b6d748-e82a56a.revisions;/src/test/java/com/alibaba/json/bvt/issue_1200/Issue1276.java;public MyException(long code, String message, Throwable cause) ;public MyException(long code, String message, Throwable cause) 
/home/paper219/Desktop/analysis/demonstration//projects/Fastjson/revisions/rev_9b6d748_e82a56a/rev_9b6d748-e82a56a.revisions;/src/test/java/com/alibaba/json/bvt/issue_1200/Issue1276.java;public MyException(long code, String message) ;public MyException(long code, String message) 
/home/paper219/Desktop/analysis/demonstration//projects/Fastjson/revisions/rev_9b6d748_e82a56a/rev_9b6d748-e82a56a.revisions;/src/test/java/com/alibaba/json/bvt/issue_1200/Issue1276.java;public MyException(long code, Throwable cause) ;public MyException(long code, Throwable cause) 
/home/paper219/Desktop/analysis/demonstration//projects/Fastjson/revisions/rev_9b6d748_e82a56a/rev_9b6d748-e82a56a.revisions;/src/test/java/com/alibaba/json/bvt/issue_1200/Issue1276.java;public void setCode(long code) ;public void setCode(long code) 
/home/paper219/Desktop/analysis/demonstration//projects/Fastjson/revisions/rev_9b6d748_e82a56a/rev_9b6d748-e82a56a.revisions;/src/test/java/com/alibaba/json/bvt/issue_1200/Issue1276.java;public long getCode() ;public long getCode() 
/home/paper219/Desktop/analysis/demonstration//projects/Fastjson/revisions/rev_9b6d748_e82a56a/rev_9b6d748-e82a56a.revisions;/src/test/java/com/alibaba/json/bvt/issue_1200/Issue1276.java;@Override        public String toString() ;@Override        public String toString() 
/home/paper219/Desktop/analysis/demonstration//projects/Fastjson/revisions/rev_9b6d748_e82a56a/rev_9b6d748-e82a56a.revisions;/src/test/java/com/alibaba/json/bvt/bug/Bug_for_luogongwu.java;public void test_for_issue() throws Exception ;public void test_for_issue() throws Exception 
/home/paper219/Desktop/analysis/demonstration//projects/Fastjson/revisions/rev_9b6d748_e82a56a/rev_9b6d748-e82a56a.revisions;/src/test/java/com/alibaba/json/bvt/bug/Bug_for_luogongwu.java;  @JSONType(asm=false)  public static class FooNotAsm ;  @JSONType(asm=false)  public static class FooNotAsm 
/home/paper219/Desktop/analysis/demonstration//projects/Fastjson/revisions/rev_9b6d748_e82a56a/rev_9b6d748-e82a56a.revisions;/src/test/java/com/alibaba/json/bvt/bug/Bug_for_luogongwu.java;@JSONField(serialzeFeatures ;@JSONField(serialzeFeatures 
/home/paper219/Desktop/analysis/demonstration//projects/Fastjson/revisions/rev_9b6d748_e82a56a/rev_9b6d748-e82a56a.revisions;/src/test/java/com/alibaba/json/bvt/bug/Bug_for_luogongwu.java;public IflowItemImage getThumbnail() ;public IflowItemImage getThumbnail() 
/home/paper219/Desktop/analysis/demonstration//projects/Fastjson/revisions/rev_9b6d748_e82a56a/rev_9b6d748-e82a56a.revisions;/src/test/java/com/alibaba/json/bvt/bug/Bug_for_luogongwu.java;  public static class Foo ;  public static class Foo 
/home/paper219/Desktop/analysis/demonstration//projects/Fastjson/revisions/rev_9b6d748_e82a56a/rev_9b6d748-e82a56a.revisions;/src/test/java/com/alibaba/json/bvt/bug/Bug_for_luogongwu.java;  public static class IflowItemImage ;  public static class IflowItemImage 
/home/paper219/Desktop/analysis/demonstration//projects/Fastjson/revisions/rev_9b6d748_e82a56a/rev_9b6d748-e82a56a.revisions;/src/test/java/com/alibaba/json/bvt/bug/Bug_for_luogongwu.java;public String id;public String id
/home/paper219/Desktop/analysis/demonstration//projects/Fastjson/revisions/rev_9b6d748_e82a56a/rev_9b6d748-e82a56a.revisions;/src/test/java/com/alibaba/json/bvt/issue_1200/Issue1262.java;public void test_for_issue() throws Exception ;public void test_for_issue() throws Exception 
/home/paper219/Desktop/analysis/demonstration//projects/Fastjson/revisions/rev_9b6d748_e82a56a/rev_9b6d748-e82a56a.revisions;/src/test/java/com/alibaba/json/bvt/issue_1200/Issue1262.java;  public static class Model ;  public static class Model 
/home/paper219/Desktop/analysis/demonstration//projects/Fastjson/revisions/rev_9b6d748_e82a56a/rev_9b6d748-e82a56a.revisions;/src/test/java/com/alibaba/json/bvt/issue_1200/Issue1262.java;public Map<String, Chatter> chatterMap ;public Map<String, Chatter> chatterMap 
/home/paper219/Desktop/analysis/demonstration//projects/Fastjson/revisions/rev_9b6d748_e82a56a/rev_9b6d748-e82a56a.revisions;/src/test/java/com/alibaba/json/bvt/issue_1200/Issue1262.java;  public static class Chatter ;  public static class Chatter 
/home/paper219/Desktop/analysis/demonstration//projects/Fastjson/revisions/rev_d93b71f_1c81635/rev_d93b71f-1c81635.revisions;/src/test/java/com/alibaba/json/bvt/issue_1300/Issue1341.java;  static class Book ;  static class Book 
/home/paper219/Desktop/analysis/demonstration//projects/Fastjson/revisions/rev_d93b71f_1c81635/rev_d93b71f-1c81635.revisions;/src/test/java/com/alibaba/json/bvt/issue_1300/Issue1341.java;private int bookId;private int bookId
/home/paper219/Desktop/analysis/demonstration//projects/Fastjson/revisions/rev_d93b71f_1c81635/rev_d93b71f-1c81635.revisions;/src/test/java/com/alibaba/json/bvt/issue_1300/Issue1341.java;private String bookName;private String bookName
/home/paper219/Desktop/analysis/demonstration//projects/Fastjson/revisions/rev_d93b71f_1c81635/rev_d93b71f-1c81635.revisions;/src/test/java/com/alibaba/json/bvt/issue_1300/Issue1341.java;private String publisher;private String publisher
/home/paper219/Desktop/analysis/demonstration//projects/Fastjson/revisions/rev_d93b71f_1c81635/rev_d93b71f-1c81635.revisions;/src/test/java/com/alibaba/json/bvt/issue_1300/Issue1341.java;private String isbn;private String isbn
/home/paper219/Desktop/analysis/demonstration//projects/Fastjson/revisions/rev_d93b71f_1c81635/rev_d93b71f-1c81635.revisions;/src/test/java/com/alibaba/json/bvt/issue_1300/Issue1341.java;private Date publishTime;private Date publishTime
/home/paper219/Desktop/analysis/demonstration//projects/Fastjson/revisions/rev_d93b71f_1c81635/rev_d93b71f-1c81635.revisions;/src/test/java/com/alibaba/json/bvt/issue_1300/Issue1341.java;private Object hello;private Object hello
/home/paper219/Desktop/analysis/demonstration//projects/Fastjson/revisions/rev_d93b71f_1c81635/rev_d93b71f-1c81635.revisions;/src/test/java/com/alibaba/json/bvt/issue_1300/Issue1341.java;public int getBookId() ;public int getBookId() 
/home/paper219/Desktop/analysis/demonstration//projects/Fastjson/revisions/rev_d93b71f_1c81635/rev_d93b71f-1c81635.revisions;/src/test/java/com/alibaba/json/bvt/issue_1300/Issue1341.java;public void setBookId(int bookId) ;public void setBookId(int bookId) 
/home/paper219/Desktop/analysis/demonstration//projects/Fastjson/revisions/rev_d93b71f_1c81635/rev_d93b71f-1c81635.revisions;/src/test/java/com/alibaba/json/bvt/issue_1300/Issue1341.java;public String getBookName() ;public String getBookName() 
/home/paper219/Desktop/analysis/demonstration//projects/Fastjson/revisions/rev_d93b71f_1c81635/rev_d93b71f-1c81635.revisions;/src/test/java/com/alibaba/json/bvt/issue_1300/Issue1341.java;public void setBookName(String bookName) ;public void setBookName(String bookName) 
/home/paper219/Desktop/analysis/demonstration//projects/Fastjson/revisions/rev_d93b71f_1c81635/rev_d93b71f-1c81635.revisions;/src/test/java/com/alibaba/json/bvt/issue_1300/Issue1341.java;public String getPublisher() ;public String getPublisher() 
/home/paper219/Desktop/analysis/demonstration//projects/Fastjson/revisions/rev_d93b71f_1c81635/rev_d93b71f-1c81635.revisions;/src/test/java/com/alibaba/json/bvt/issue_1300/Issue1341.java;public void setPublisher(String publisher) ;public void setPublisher(String publisher) 
/home/paper219/Desktop/analysis/demonstration//projects/Fastjson/revisions/rev_d93b71f_1c81635/rev_d93b71f-1c81635.revisions;/src/test/java/com/alibaba/json/bvt/issue_1300/Issue1341.java;public String getIsbn() ;public String getIsbn() 
/home/paper219/Desktop/analysis/demonstration//projects/Fastjson/revisions/rev_d93b71f_1c81635/rev_d93b71f-1c81635.revisions;/src/test/java/com/alibaba/json/bvt/issue_1300/Issue1341.java;public void setIsbn(String isbn) ;public void setIsbn(String isbn) 
/home/paper219/Desktop/analysis/demonstration//projects/Fastjson/revisions/rev_d93b71f_1c81635/rev_d93b71f-1c81635.revisions;/src/test/java/com/alibaba/json/bvt/issue_1300/Issue1341.java;public Date getPublishTime() ;public Date getPublishTime() 
/home/paper219/Desktop/analysis/demonstration//projects/Fastjson/revisions/rev_d93b71f_1c81635/rev_d93b71f-1c81635.revisions;/src/test/java/com/alibaba/json/bvt/issue_1300/Issue1341.java;public void setPublishTime(Date publishTime) ;public void setPublishTime(Date publishTime) 
/home/paper219/Desktop/analysis/demonstration//projects/Fastjson/revisions/rev_d93b71f_1c81635/rev_d93b71f-1c81635.revisions;/src/test/java/com/alibaba/json/bvt/issue_1300/Issue1341.java;public Object getHello() ;public Object getHello() 
/home/paper219/Desktop/analysis/demonstration//projects/Fastjson/revisions/rev_d93b71f_1c81635/rev_d93b71f-1c81635.revisions;/src/test/java/com/alibaba/json/bvt/issue_1300/Issue1341.java;public void setHello(Object hello) ;public void setHello(Object hello) 
/home/paper219/Desktop/analysis/demonstration//projects/Fastjson/revisions/rev_d93b71f_1c81635/rev_d93b71f-1c81635.revisions;/src/test/java/com/alibaba/json/bvt/issue_1300/Issue1341.java;  static class FastJsonFeature implements Feature ;  static class FastJsonFeature implements Feature 
/home/paper219/Desktop/analysis/demonstration//projects/Fastjson/revisions/rev_d93b71f_1c81635/rev_d93b71f-1c81635.revisions;/src/test/java/com/alibaba/json/bvt/issue_1300/Issue1341.java;private final static String JSON_FEATURE ;private final static String JSON_FEATURE 
/home/paper219/Desktop/analysis/demonstration//projects/Fastjson/revisions/rev_d93b71f_1c81635/rev_d93b71f-1c81635.revisions;/src/test/java/com/alibaba/json/bvt/issue_1300/Issue1341.java;public boolean configure(final FeatureContext context) ;public boolean configure(final FeatureContext context) 
/home/paper219/Desktop/analysis/demonstration//projects/Fastjson/revisions/rev_d93b71f_1c81635/rev_d93b71f-1c81635.revisions;/src/test/java/com/alibaba/json/bvt/issue_1300/Issue1341.java;  @Path("book")  public static class BookRestFul ;  @Path("book")  public static class BookRestFul 
/home/paper219/Desktop/analysis/demonstration//projects/Fastjson/revisions/rev_d93b71f_1c81635/rev_d93b71f-1c81635.revisions;/src/test/java/com/alibaba/json/bvt/issue_1300/Issue1341.java;@GET        @Path(";@GET        @Path("
/home/paper219/Desktop/analysis/demonstration//projects/Fastjson/revisions/rev_d93b71f_1c81635/rev_d93b71f-1c81635.revisions;/src/test/java/com/alibaba/json/bvt/issue_1300/Issue1341.java;@Override    protected void configureClient(ClientConfig config) ;@Override    protected void configureClient(ClientConfig config) 
/home/paper219/Desktop/analysis/demonstration//projects/Fastjson/revisions/rev_d93b71f_1c81635/rev_d93b71f-1c81635.revisions;/src/test/java/com/alibaba/json/bvt/issue_1300/Issue1341.java;@Override    protected Application configure() ;@Override    protected Application configure() 
/home/paper219/Desktop/analysis/demonstration//projects/Fastjson/revisions/rev_d93b71f_1c81635/rev_d93b71f-1c81635.revisions;/src/test/java/com/alibaba/json/bvt/issue_1300/Issue1341.java;@Test    public void test() ;@Test    public void test() 
/home/paper219/Desktop/analysis/demonstration//projects/Fastjson/revisions/rev_d93b71f_1c81635/rev_d93b71f-1c81635.revisions;/src/main/java/com/alibaba/fastjson/support/spring/FastJsonHttpMessageConverter.java;protected Type getType(Type type, Class<?> contextClass) ;protected Type getType(Type type, Class<?> contextClass) 
/home/paper219/Desktop/analysis/demonstration//projects/Fastjson/revisions/rev_d93b71f_1c81635/rev_d93b71f-1c81635.revisions;/src/main/java/com/alibaba/fastjson/support/spring/FastJsonHttpMessageConverter.java;private ResolvableType resolveVariable(TypeVariable<?> typeVariable, ResolvableType contextType) ;private ResolvableType resolveVariable(TypeVariable<?> typeVariable, ResolvableType contextType) 
/home/paper219/Desktop/analysis/demonstration//projects/Fastjson/revisions/rev_75cc1dc_f28a067/rev_75cc1dc-f28a067.revisions;/src/test/java/com/alibaba/json/bvt/issue_1300/Issue1368.java;public void test_for_issue() throws Exception ;public void test_for_issue() throws Exception 
/home/paper219/Desktop/analysis/demonstration//projects/Fastjson/revisions/rev_75cc1dc_f28a067/rev_75cc1dc-f28a067.revisions;/src/test/java/com/alibaba/json/bvt/issue_1300/Issue1369.java;public void test_for_issue() throws Exception ;public void test_for_issue() throws Exception 
/home/paper219/Desktop/analysis/demonstration//projects/Fastjson/revisions/rev_75cc1dc_f28a067/rev_75cc1dc-f28a067.revisions;/src/test/java/com/alibaba/json/bvt/issue_1300/Issue1369.java;  public static class Foo ;  public static class Foo 
/home/paper219/Desktop/analysis/demonstration//projects/Fastjson/revisions/rev_75cc1dc_f28a067/rev_75cc1dc-f28a067.revisions;/src/test/java/com/alibaba/json/bvt/issue_1300/Issue1369.java;public int a;public int a
/home/paper219/Desktop/analysis/demonstration//projects/Fastjson/revisions/rev_75cc1dc_f28a067/rev_75cc1dc-f28a067.revisions;/src/test/java/com/alibaba/json/bvt/issue_1300/Issue1369.java;public String b;public String b
/home/paper219/Desktop/analysis/demonstration//projects/Fastjson/revisions/rev_75cc1dc_f28a067/rev_75cc1dc-f28a067.revisions;/src/test/java/com/alibaba/json/bvt/issue_1300/Issue1369.java;public Bar bars;public Bar bars
/home/paper219/Desktop/analysis/demonstration//projects/Fastjson/revisions/rev_75cc1dc_f28a067/rev_75cc1dc-f28a067.revisions;/src/test/java/com/alibaba/json/bvt/issue_1300/Issue1369.java;  public static class Bar ;  public static class Bar 
/home/paper219/Desktop/analysis/demonstration//projects/Fastjson/revisions/rev_75cc1dc_f28a067/rev_75cc1dc-f28a067.revisions;/src/test/java/com/alibaba/json/bvt/issue_1300/Issue1369.java;public int c;public int c
/home/paper219/Desktop/analysis/demonstration//projects/Storm/revisions/rev_4026463_f2b212e/rev_4026463-f2b212e.revisions;/src/jvm/backtype/storm/metric/api/IMetricsConsumer.java;public TaskInfo() ;public TaskInfo() 
/home/paper219/Desktop/analysis/demonstration//projects/Storm/revisions/rev_4026463_f2b212e/rev_4026463-f2b212e.revisions;/src/jvm/backtype/storm/metric/api/IMetricsConsumer.java;public DataPoint() ;public DataPoint() 
/home/paper219/Desktop/analysis/demonstration//projects/Storm/revisions/rev_6398179_7970fee/rev_6398179-7970fee.revisions;/src/jvm/storm/trident/testing/MemoryBackingMap.java;Map _vals ;Map _vals 
/home/paper219/Desktop/analysis/demonstration//projects/Storm/revisions/rev_6398179_7970fee/rev_6398179-7970fee.revisions;/src/jvm/storm/trident/testing/MemoryBackingMap.java;@Override    public List<Object> multiGet(List<List<Object>> keys) ;@Override    public List<Object> multiGet(List<List<Object>> keys) 
/home/paper219/Desktop/analysis/demonstration//projects/Storm/revisions/rev_6398179_7970fee/rev_6398179-7970fee.revisions;/src/jvm/storm/trident/testing/MemoryBackingMap.java;@Override    public void multiPut(List<List<Object>> keys, List<Object> vals) ;@Override    public void multiPut(List<List<Object>> keys, List<Object> vals) 
/home/paper219/Desktop/analysis/demonstration//projects/Storm/revisions/rev_6398179_7970fee/rev_6398179-7970fee.revisions;/src/jvm/storm/trident/state/map/CachedBatchReadsMap.java;  public static class RetVal <T> ;  public static class RetVal <T> 
/home/paper219/Desktop/analysis/demonstration//projects/Storm/revisions/rev_6398179_7970fee/rev_6398179-7970fee.revisions;/src/jvm/storm/trident/state/map/CachedBatchReadsMap.java;public boolean cached;public boolean cached
/home/paper219/Desktop/analysis/demonstration//projects/Storm/revisions/rev_6398179_7970fee/rev_6398179-7970fee.revisions;/src/jvm/storm/trident/state/map/CachedBatchReadsMap.java;public T val;public T val
/home/paper219/Desktop/analysis/demonstration//projects/Storm/revisions/rev_6398179_7970fee/rev_6398179-7970fee.revisions;/src/jvm/storm/trident/state/map/CachedBatchReadsMap.java;public RetVal(T v, boolean c) ;public RetVal(T v, boolean c) 
/home/paper219/Desktop/analysis/demonstration//projects/Storm/revisions/rev_6398179_7970fee/rev_6398179-7970fee.revisions;/src/jvm/storm/trident/state/map/CachedBatchReadsMap.java;public CachedBatchReadsMap(IBackingMap<T> delegate) ;public CachedBatchReadsMap(IBackingMap<T> delegate) 
/home/paper219/Desktop/analysis/demonstration//projects/Storm/revisions/rev_6398179_7970fee/rev_6398179-7970fee.revisions;/src/jvm/storm/trident/state/map/CachedBatchReadsMap.java;public void reset() ;public void reset() 
/home/paper219/Desktop/analysis/demonstration//projects/Vert.x-Core/revisions/rev_f1396aa_b015967/rev_f1396aa-b015967.revisions;/vertx-core/src/main/java/org/vertx/java/core/json/JsonElement.java;protected boolean needsCopy;protected boolean needsCopy
/home/paper219/Desktop/analysis/demonstration//projects/Vert.x-Core/revisions/rev_f1396aa_b015967/rev_f1396aa-b015967.revisions;/vertx-core/src/main/java/org/vertx/java/core/json/JsonElement.java;protected void setNeedsCopy() ;protected void setNeedsCopy() 
/home/paper219/Desktop/analysis/demonstration//projects/Vert.x-Core/revisions/rev_f1396aa_b015967/rev_f1396aa-b015967.revisions;/vertx-testsuite/src/test/java/org/vertx/java/tests/core/filesystem/JavaFileSystemTest.java;@Test  public void testTruncateExtendsFile() throws Exception ;@Test  public void testTruncateExtendsFile() throws Exception 
/home/paper219/Desktop/analysis/demonstration//projects/Vert.x-Core/revisions/rev_8b210bf_22f077e/rev_8b210bf-22f077e.revisions;/vertx-core/src/main/java/io/vertx/core/logging/impl/VertxLoggerFormatter.java;private static OffsetDateTime fromMillis(long epochMillis) ;private static OffsetDateTime fromMillis(long epochMillis) 
/home/paper219/Desktop/analysis/demonstration//projects/Vert.x-Core/revisions/rev_6cc6bb4_c9aea8c/rev_6cc6bb4-c9aea8c.revisions;/vertx-core/src/main/java/io/vertx/core/eventbus/Message.java;boolean isForward();boolean isForward()
/home/paper219/Desktop/analysis/demonstration//projects/Vert.x-Core/revisions/rev_7d544f7_04e43e2/rev_7d544f7-04e43e2.revisions;/src/main/java/io/vertx/core/VertxOptions.java;private static final long DEFAULT_WARNING_EXECPTION_TIME ;private static final long DEFAULT_WARNING_EXECPTION_TIME 
/home/paper219/Desktop/analysis/demonstration//projects/Vert.x-Core/revisions/rev_7d544f7_04e43e2/rev_7d544f7-04e43e2.revisions;/src/main/java/io/vertx/core/VertxOptions.java;private long warningExceptionTime ;private long warningExceptionTime 
/home/paper219/Desktop/analysis/demonstration//projects/Vert.x-Core/revisions/rev_7d544f7_04e43e2/rev_7d544f7-04e43e2.revisions;/src/main/java/io/vertx/core/VertxOptions.java;public long getWarningExceptionTime() ;public long getWarningExceptionTime() 
/home/paper219/Desktop/analysis/demonstration//projects/Vert.x-Core/revisions/rev_7d544f7_04e43e2/rev_7d544f7-04e43e2.revisions;/src/main/java/io/vertx/core/VertxOptions.java;public VertxOptions setWarningExceptionTime(long warningExceptionTime) ;public VertxOptions setWarningExceptionTime(long warningExceptionTime) 
/home/paper219/Desktop/analysis/demonstration//projects/Vert.x-Core/revisions/rev_7d544f7_04e43e2/rev_7d544f7-04e43e2.revisions;/src/test/java/io/vertx/test/core/BlockedThreadCheckerTest.java;@Test  public void testBlockCheckDefault() throws Exception ;@Test  public void testBlockCheckDefault() throws Exception 
/home/paper219/Desktop/analysis/demonstration//projects/Vert.x-Core/revisions/rev_7d544f7_04e43e2/rev_7d544f7-04e43e2.revisions;/src/test/java/io/vertx/test/core/BlockedThreadCheckerTest.java;@Test  public void testBlockCheckExceptionTimeLimit() throws Exception ;@Test  public void testBlockCheckExceptionTimeLimit() throws Exception 
/home/paper219/Desktop/analysis/demonstration//projects/Vert.x-Core/revisions/rev_7d544f7_04e43e2/rev_7d544f7-04e43e2.revisions;/src/test/java/io/vertx/test/core/BlockedThreadCheckerTest.java;@Test  public void testBlockCheckWorker() throws Exception ;@Test  public void testBlockCheckWorker() throws Exception 
/home/paper219/Desktop/analysis/demonstration//projects/Vert.x-Core/revisions/rev_3d6677c_7ef9592/rev_3d6677c-7ef9592.revisions;/src/main/java/io/vertx/core/impl/launcher/commands/StopCommandFactory.java;public StopCommandFactory() ;public StopCommandFactory() 
/home/paper219/Desktop/analysis/demonstration//projects/Vert.x-Core/revisions/rev_3d6677c_7ef9592/rev_3d6677c-7ef9592.revisions;/src/main/java/io/vertx/core/impl/launcher/commands/StartCommandFactory.java;public StartCommandFactory() ;public StartCommandFactory() 
/home/paper219/Desktop/analysis/demonstration//projects/Vert.x-Core/revisions/rev_3d6677c_7ef9592/rev_3d6677c-7ef9592.revisions;/src/main/java/io/vertx/core/impl/launcher/commands/ListCommandFactory.java;public ListCommandFactory() ;public ListCommandFactory() 
/home/paper219/Desktop/analysis/demonstration//projects/Vert.x-Core/revisions/rev_3d6677c_7ef9592/rev_3d6677c-7ef9592.revisions;/src/main/java/io/vertx/core/spi/launcher/DefaultCommand.java;protected List<String> systemProperties;protected List<String> systemProperties
/home/paper219/Desktop/analysis/demonstration//projects/Javaee7-samples/revisions/rev_b77bf39_ed4cb65/rev_b77bf39-ed4cb65.revisions;/cdi/decorators/src/test/java/org/javaee7/cdi/decorators/DecoratorTest.java;@Inject    Greeting greeting;@Inject    Greeting greeting
/home/paper219/Desktop/analysis/demonstration//projects/Javaee7-samples/revisions/rev_b77bf39_ed4cb65/rev_b77bf39-ed4cb65.revisions;/cdi/decorators/src/test/java/org/javaee7/cdi/decorators/DecoratorTest.java;@Deployment    public static Archive<?> deploy() throws URISyntaxException ;@Deployment    public static Archive<?> deploy() throws URISyntaxException 
/home/paper219/Desktop/analysis/demonstration//projects/Javaee7-samples/revisions/rev_b77bf39_ed4cb65/rev_b77bf39-ed4cb65.revisions;/cdi/decorators/src/test/java/org/javaee7/cdi/decorators/DecoratorTest.java;@Test    public void test() ;@Test    public void test() 
/home/paper219/Desktop/analysis/demonstration//projects/Javaee7-samples/revisions/rev_bd9e098_a4b91fd/rev_bd9e098-a4b91fd.revisions;/jaspic/async-authentication/src/main/java/org/javaee7/jaspic/asyncauthentication/bean/AsyncBean.java;@Asynchronous    public void doAsync(AsyncContext asyncContext) ;@Asynchronous    public void doAsync(AsyncContext asyncContext) 
/home/paper219/Desktop/analysis/demonstration//projects/Javaee7-samples/revisions/rev_bd9e098_a4b91fd/rev_bd9e098-a4b91fd.revisions;/jaspic/async-authentication/src/test/java/org/javaee7/jaspic/asyncauthentication/AsyncAuthenticationPublicTest.java;@Deployment(testable = false)    public static WebArchive createDeployment() ;@Deployment(testable = false)    public static WebArchive createDeployment() 
/home/paper219/Desktop/analysis/demonstration//projects/Javaee7-samples/revisions/rev_bd9e098_a4b91fd/rev_bd9e098-a4b91fd.revisions;/jaspic/async-authentication/src/test/java/org/javaee7/jaspic/asyncauthentication/AsyncAuthenticationPublicTest.java;@Test    public void testBasicAsync() throws IOException, SAXException ;@Test    public void testBasicAsync() throws IOException, SAXException 
/home/paper219/Desktop/analysis/demonstration//projects/Javaee7-samples/revisions/rev_bd9e098_a4b91fd/rev_bd9e098-a4b91fd.revisions;/jaspic/async-authentication/src/main/java/org/javaee7/jaspic/asyncauthentication/servlet/AsyncServlet.java;@WebServlet(urlPatterns ;@WebServlet(urlPatterns 
/home/paper219/Desktop/analysis/demonstration//projects/Javaee7-samples/revisions/rev_bd9e098_a4b91fd/rev_bd9e098-a4b91fd.revisions;/jaspic/async-authentication/src/main/java/org/javaee7/jaspic/asyncauthentication/servlet/AsyncServlet.java;private static final long serialVersionUID ;private static final long serialVersionUID 
/home/paper219/Desktop/analysis/demonstration//projects/Javaee7-samples/revisions/rev_bd9e098_a4b91fd/rev_bd9e098-a4b91fd.revisions;/jaspic/async-authentication/src/main/java/org/javaee7/jaspic/asyncauthentication/servlet/AsyncServlet.java;@EJB    private AsyncBean asyncBean;@EJB    private AsyncBean asyncBean
/home/paper219/Desktop/analysis/demonstration//projects/Javaee7-samples/revisions/rev_bd9e098_a4b91fd/rev_bd9e098-a4b91fd.revisions;/jaspic/async-authentication/src/main/java/org/javaee7/jaspic/asyncauthentication/servlet/AsyncServlet.java;@Override    public void doGet(HttpServletRequest request, HttpServletResponse response) throws ServletException, IOException ;@Override    public void doGet(HttpServletRequest request, HttpServletResponse response) throws ServletException, IOException 
/home/paper219/Desktop/analysis/demonstration//projects/Javaee7-samples/revisions/rev_bd9e098_a4b91fd/rev_bd9e098-a4b91fd.revisions;/jaspic/async-authentication/src/main/java/org/javaee7/jaspic/asyncauthentication/sam/SamAutoRegistrationListener.java;@Override    public void contextInitialized(ServletContextEvent sce) ;@Override    public void contextInitialized(ServletContextEvent sce) 
